dex,name,type1,type2,ability1,ability2,hidden_ability,hp,attack,defense,sp_atk,sp_def,speed,total,catch_rate,base_exp
1,Bulbasaur,Grass,Poison,Overgrow,Chlorophyll,,45,49,49,65,65,45,318,45,64
2,Ivysaur,Grass,Poison,Overgrow,Chlorophyll,,60,62,63,80,80,60,405,45,142
3,Venusaur,Grass,Poison,Overgrow,Chlorophyll,,80,82,83,100,100,80,525,45,236
4,Charmander,Fire,,Blaze,Solar Power,,39,52,43,60,50,65,309,45,62
5,Charmeleon,Fire,,Blaze,Solar Power,,58,64,58,80,65,80,405,45,142
6,Charizard,Fire,Flying,Blaze,Solar Power,,78,84,78,109,85,100,534,45,267
7,Squirtle,Water,,Torrent,Rain Dish,,44,48,65,50,64,43,314,45,63
8,Wartortle,Water,,Torrent,Rain Dish,,59,63,80,65,80,58,405,45,142
9,Blastoise,Water,,Torrent,Rain Dish,,79,83,100,85,105,78,530,45,239
10,Caterpie,Bug,,Shield Dust,Run Away,,45,30,35,20,20,45,195,255,39
11,Metapod,Bug,,Shed Skin,,,50,20,55,25,25,30,205,120,72
12,Butterfree,Bug,Flying,Compound Eyes,Tinted Lens,,60,45,50,90,80,70,395,45,178
13,Weedle,Bug,Poison,Shield Dust,Run Away,,40,35,30,20,20,50,195,255,39
14,Kakuna,Bug,Poison,Shed Skin,,,45,25,50,25,25,35,205,120,72
15,Beedrill,Bug,Poison,Swarm,Sniper,,65,90,40,45,80,75,395,45,178
16,Pidgey,Normal,Flying,Keen Eye,Tangled Feet,Big Pecks,40,45,40,35,35,56,251,255,50
17,Pidgeotto,Normal,Flying,Keen Eye,Tangled Feet,Big Pecks,63,60,55,50,50,71,349,120,122
18,Pidgeot,Normal,Flying,Keen Eye,Tangled Feet,Big Pecks,83,80,75,70,70,101,479,45,216
19,Rattata,Normal,,Run Away,Guts,Hustle,30,56,35,25,35,72,253,255,51
20,Raticate,Normal,,Run Away,Guts,Hustle,55,81,60,50,70,97,413,127,145
21,Spearow,Normal,Flying,Keen Eye,Sniper,,40,60,30,31,31,70,262,255,52
22,Fearow,Normal,Flying,Keen Eye,Sniper,,65,90,65,61,61,100,442,90,155
23,Ekans,Poison,,Intimidate,Shed Skin,Unnerve,35,60,44,40,54,55,288,255,58
24,Arbok,Poison,,Intimidate,Shed Skin,Unnerve,60,95,69,65,79,80,448,90,157
25,Pikachu,Electric,,Static,Lightning Rod,,35,55,40,50,50,90,320,190,112
26,Raichu,Electric,,Static,Lightning Rod,,60,90,55,90,80,110,485,75,243
27,Sandshrew,Ground,,Sand Veil,Sand Rush,,50,75,85,20,30,40,300,255,60
28,Sandslash,Ground,,Sand Veil,Sand Rush,,75,100,110,45,55,65,450,90,158
29,Nidoran-f,Poison,,Poison Point,Rivalry,Hustle,55,47,52,40,40,41,275,235,55
30,Nidorina,Poison,,Poison Point,Rivalry,Hustle,70,62,67,55,55,56,365,120,128
31,Nidoqueen,Poison,Ground,Poison Point,Rivalry,Sheer Force,90,92,87,75,85,76,505,45,227
32,Nidoran-m,Poison,,Poison Point,Rivalry,Hustle,46,57,40,40,40,50,273,235,55
33,Nidorino,Poison,,Poison Point,Rivalry,Hustle,61,72,57,55,55,65,365,120,128
34,Nidoking,Poison,Ground,Poison Point,Rivalry,Sheer Force,81,102,77,85,75,85,505,45,227
35,Clefairy,Fairy,,Cute Charm,Magic Guard,Friend Guard,70,45,48,60,65,35,323,150,113
36,Clefable,Fairy,,Cute Charm,Magic Guard,Unaware,95,70,73,95,90,60,483,25,217
37,Vulpix,Fire,,Flash Fire,Drought,,38,41,40,50,65,65,299,190,60
38,Ninetales,Fire,,Flash Fire,Drought,,73,76,75,81,100,100,505,75,177
39,Jigglypuff,Normal,Fairy,Cute Charm,Competitive,Friend Guard,115,45,20,45,25,20,270,170,95
40,Wigglytuff,Normal,Fairy,Cute Charm,Competitive,Frisk,140,70,45,85,50,45,435,50,218
41,Zubat,Poison,Flying,Inner Focus,Infiltrator,,40,45,35,30,40,55,245,255,49
42,Golbat,Poison,Flying,Inner Focus,Infiltrator,,75,80,70,65,75,90,455,90,159
43,Oddish,Grass,Poison,Chlorophyll,Run Away,,45,50,55,75,65,30,320,255,64
44,Gloom,Grass,Poison,Chlorophyll,Stench,,60,65,70,85,75,40,395,120,138
45,Vileplume,Grass,Poison,Chlorophyll,Effect Spore,,75,80,85,110,90,50,490,45,221
46,Paras,Bug,Grass,Effect Spore,Dry Skin,Damp,35,70,55,45,55,25,285,190,57
47,Parasect,Bug,Grass,Effect Spore,Dry Skin,Damp,60,95,80,60,80,30,405,75,142
48,Venonat,Bug,Poison,Compound Eyes,Tinted Lens,Run Away,60,55,50,40,55,45,305,190,61
49,Venomoth,Bug,Poison,Shield Dust,Tinted Lens,Wonder Skin,70,65,60,90,75,90,450,75,158
50,Diglett,Ground,,Sand Veil,Arena Trap,Sand Force,10,55,25,35,45,95,265,255,53
51,Dugtrio,Ground,,Sand Veil,Arena Trap,Sand Force,35,100,50,50,70,120,425,50,149
52,Meowth,Normal,,Pickup,Technician,Unnerve,40,45,35,40,40,90,290,255,58
53,Persian,Normal,,Limber,Technician,Unnerve,65,70,60,65,65,115,440,90,154
54,Psyduck,Water,,Damp,Cloud Nine,Swift Swim,50,52,48,65,50,55,320,190,64
55,Golduck,Water,,Damp,Cloud Nine,Swift Swim,80,82,78,95,80,85,500,75,175
56,Mankey,Fighting,,Vital Spirit,Anger Point,Defiant,40,80,35,35,45,70,305,190,61
57,Primeape,Fighting,,Vital Spirit,Anger Point,Defiant,65,105,60,60,70,95,455,75,159
58,Growlithe,Fire,,Intimidate,Flash Fire,Justified,55,70,45,70,50,60,350,190,70
59,Arcanine,Fire,,Intimidate,Flash Fire,Justified,90,110,80,100,80,95,555,75,194
60,Poliwag,Water,,Water Absorb,Damp,Swift Swim,40,50,40,40,40,90,300,255,60
61,Poliwhirl,Water,,Water Absorb,Damp,Swift Swim,65,65,65,50,50,90,385,120,135
62,Poliwrath,Water,Fighting,Water Absorb,Damp,Swift Swim,90,95,95,70,90,70,510,45,230
63,Abra,Psychic,,Synchronize,Inner Focus,Magic Guard,25,20,15,105,55,90,310,200,62
64,Kadabra,Psychic,,Synchronize,Inner Focus,Magic Guard,40,35,30,120,70,105,400,100,140
65,Alakazam,Psychic,,Synchronize,Inner Focus,Magic Guard,55,50,45,135,95,120,500,50,225
66,Machop,Fighting,,Guts,No Guard,Steadfast,70,80,50,35,35,35,305,180,61
67,Machoke,Fighting,,Guts,No Guard,Steadfast,80,100,70,50,60,45,405,90,142
68,Machamp,Fighting,,Guts,No Guard,Steadfast,90,130,80,65,85,55,505,45,227
69,Bellsprout,Grass,Poison,Chlorophyll,Gluttony,,50,75,35,70,30,40,300,255,60
70,Weepinbell,Grass,Poison,Chlorophyll,Gluttony,,65,90,50,85,45,55,390,120,137
71,Victreebel,Grass,Poison,Chlorophyll,Gluttony,,80,105,65,100,70,70,490,45,221
72,Tentacool,Water,Poison,Clear Body,Liquid Ooze,Rain Dish,40,40,35,50,100,70,335,190,67
73,Tentacruel,Water,Poison,Clear Body,Liquid Ooze,Rain Dish,80,70,65,80,120,100,515,60,180
74,Geodude,Rock,Ground,Rock Head,Sturdy,Sand Veil,40,80,100,30,30,20,300,255,60
75,Graveler,Rock,Ground,Rock Head,Sturdy,Sand Veil,55,95,115,45,45,35,390,120,137
76,Golem,Rock,Ground,Rock Head,Sturdy,Sand Veil,80,120,130,55,65,45,495,45,223
77,Ponyta,Fire,,Run Away,Flash Fire,Flame Body,50,85,55,65,65,90,410,190,82
78,Rapidash,Fire,,Run Away,Flash Fire,Flame Body,65,100,70,80,80,105,500,60,175
79,Slowpoke,Water,Psychic,Oblivious,Own Tempo,Regenerator,90,65,65,40,40,15,315,190,63
80,Slowbro,Water,Psychic,Oblivious,Own Tempo,Regenerator,95,75,110,100,80,30,490,75,172
81,Magnemite,Electric,Steel,Magnet Pull,Sturdy,Analytic,25,35,70,95,55,45,325,190,65
82,Magneton,Electric,Steel,Magnet Pull,Sturdy,Analytic,50,60,95,120,70,70,465,60,163
83,Farfetch'd,Normal,Flying,Keen Eye,Inner Focus,Defiant,52,90,55,58,62,60,377,45,132
84,Doduo,Normal,Flying,Run Away,Early Bird,Tangled Feet,35,85,45,35,35,75,310,190,62
85,Dodrio,Normal,Flying,Run Away,Early Bird,Tangled Feet,60,110,70,60,60,110,470,45,165
86,Seel,Water,,Thick Fat,Hydration,Ice Body,65,45,55,45,70,45,325,190,65
87,Dewgong,Water,Ice,Thick Fat,Hydration,Ice Body,90,70,80,70,95,70,475,75,166
88,Grimer,Poison,,Stench,Sticky Hold,Poison Touch,80,80,50,40,50,25,325,190,65
89,Muk,Poison,,Stench,Sticky Hold,Poison Touch,105,105,75,65,100,50,500,75,175
90,Shellder,Water,,Shell Armor,Skill Link,Overcoat,30,65,100,45,25,40,305,190,61
91,Cloyster,Water,Ice,Shell Armor,Skill Link,Overcoat,50,95,180,85,45,70,525,60,184
92,Gastly,Ghost,Poison,Levitate,,,30,35,30,100,35,80,310,190,62
93,Haunter,Ghost,Poison,Levitate,,,45,50,45,115,55,95,405,90,142
94,Gengar,Ghost,Poison,Cursed Body,,,60,65,60,130,75,110,500,45,250
95,Onix,Rock,Ground,Rock Head,Sturdy,Weak Armor,35,45,160,30,45,70,385,45,77
96,Drowzee,Psychic,,Insomnia,Forewarn,Inner Focus,60,48,45,43,90,42,328,190,66
97,Hypno,Psychic,,Insomnia,Forewarn,Inner Focus,85,73,70,73,115,67,483,75,169
98,Krabby,Water,,Hyper Cutter,Shell Armor,Sheer Force,30,105,90,25,25,50,325,225,65
99,Kingler,Water,,Hyper Cutter,Shell Armor,Sheer Force,55,130,115,50,50,75,475,60,166
100,Voltorb,Electric,,Soundproof,Static,Aftermath,40,30,50,55,55,100,330,190,66
101,Electrode,Electric,,Soundproof,Static,Aftermath,60,50,70,80,80,150,490,60,172
102,Exeggcute,Grass,Psychic,Chlorophyll,Harvest,,60,40,80,60,45,40,325,90,65
103,Exeggutor,Grass,Psychic,Chlorophyll,Harvest,,95,95,85,125,75,55,530,45,186
104,Cubone,Ground,,Rock Head,Lightning Rod,Battle Armor,50,50,95,40,50,35,320,190,64
105,Marowak,Ground,,Rock Head,Lightning Rod,Battle Armor,60,80,110,50,80,45,425,75,149
106,Hitmonlee,Fighting,,Limber,Reckless,Unburden,50,120,53,35,110,87,455,45,159
107,Hitmonchan,Fighting,,Keen Eye,Iron Fist,Inner Focus,50,105,79,35,110,76,455,45,159
108,Lickitung,Normal,,Own Tempo,Oblivious,Cloud Nine,90,55,75,60,75,30,385,45,77
109,Koffing,Poison,,Levitate,Neutralizing Gas,Stench,40,65,95,60,45,35,340,190,68
110,Weezing,Poison,,Levitate,Neutralizing Gas,Stench,65,90,120,85,70,60,490,60,172
111,Rhyhorn,Ground,Rock,Lightning Rod,Rock Head,Reckless,80,85,95,30,30,25,345,120,69
112,Rhydon,Ground,Rock,Lightning Rod,Rock Head,Reckless,105,130,120,45,45,40,485,60,170
113,Chansey,Normal,,Natural Cure,Serene Grace,Healer,250,5,5,35,105,50,450,30,395
114,Tangela,Grass,,Chlorophyll,Leaf Guard,Regenerator,65,55,115,100,40,60,435,45,87
115,Kangaskhan,Normal,,Early Bird,Scrappy,Inner Focus,105,95,80,40,80,90,490,45,172
116,Horsea,Water,,Swift Swim,Sniper,Damp,30,40,70,70,25,60,295,225,59
117,Seadra,Water,,Poison Point,Sniper,Damp,55,65,95,95,45,85,440,75,154
118,Goldeen,Water,,Swift Swim,Water Veil,Lightning Rod,45,67,60,35,50,63,320,225,64
119,Seaking,Water,,Swift Swim,Water Veil,Lightning Rod,80,92,65,65,80,68,450,60,158
120,Staryu,Water,,Illuminate,Natural Cure,Analytic,30,45,55,70,55,85,340,225,68
121,Starmie,Water,Psychic,Illuminate,Natural Cure,Analytic,60,75,85,100,85,115,520,60,182
122,Mr. Mime,Psychic,Fairy,Soundproof,Filter,Technician,40,45,65,100,120,90,460,45,161
123,Scyther,Bug,Flying,Swarm,Technician,Steadfast,70,110,80,55,80,105,500,45,100
124,Jynx,Ice,Psychic,Oblivious,Forewarn,Dry Skin,65,50,35,115,95,95,455,45,159
125,Electabuzz,Electric,,Static,Vital Spirit,,65,83,57,95,85,105,490,45,172
126,Magmar,Fire,,Flame Body,Vital Spirit,,65,95,57,100,85,93,495,45,173
127,Pinsir,Bug,,Hyper Cutter,Mold Breaker,Moxie,65,125,100,55,70,85,500,45,175
128,Tauros,Normal,,Intimidate,Anger Point,Sheer Force,75,100,95,40,70,110,490,45,172
129,Magikarp,Water,,Swift Swim,Rattled,,20,10,55,15,20,80,200,255,40
130,Gyarados,Water,Flying,Intimidate,Moxie,,95,125,79,60,100,81,540,45,189
131,Lapras,Water,Ice,Water Absorb,Shell Armor,Hydration,130,85,80,85,95,60,535,45,187
132,Ditto,Normal,,Limber,Imposter,,48,48,48,48,48,48,288,35,101
133,Eevee,Normal,,Run Away,Adaptability,Anticipation,55,55,50,45,65,55,325,45,65
134,Vaporeon,Water,,Water Absorb,Hydration,,130,65,60,110,95,65,525,45,184
135,Jolteon,Electric,,Volt Absorb,Quick Feet,,65,65,60,110,95,130,525,45,184
136,Flareon,Fire,,Flash Fire,Guts,,65,130,60,95,110,65,525,45,184
137,Porygon,Normal,,Trace,Download,Analytic,65,60,70,85,75,40,395,45,79
138,Omanyte,Rock,Water,Swift Swim,Shell Armor,Weak Armor,35,40,100,90,55,35,355,45,71
139,Omastar,Rock,Water,Swift Swim,Shell Armor,Weak Armor,70,60,125,115,70,55,495,45,173
140,Kabuto,Rock,Water,Swift Swim,Battle Armor,Weak Armor,30,80,90,55,45,55,355,45,71
141,Kabutops,Rock,Water,Swift Swim,Battle Armor,Weak Armor,60,115,105,65,70,80,495,45,173
142,Aerodactyl,Rock,Flying,Rock Head,Pressure,Unnerve,80,105,65,60,75,130,515,45,180
143,Snorlax,Normal,,Immunity,Thick Fat,Gluttony,160,110,65,65,110,30,540,25,189
144,Articuno,Ice,Flying,Pressure,Snow Cloak,,90,85,100,95,125,85,580,3,290
145,Zapdos,Electric,Flying,Pressure,Static,,90,90,85,125,90,100,580,3,290
146,Moltres,Fire,Flying,Pressure,Flame Body,,90,100,90,125,85,90,580,3,290
147,Dratini,Dragon,,Shed Skin,Marvel Scale,,41,64,45,50,50,50,300,45,60
148,Dragonair,Dragon,,Shed Skin,Marvel Scale,,61,84,65,70,70,70,420,45,147
149,Dragonite,Dragon,Flying,Inner Focus,Multiscale,,91,134,95,100,100,80,600,45,300
150,Mewtwo,Psychic,,Pressure,Unnerve,,106,110,90,154,90,130,680,3,340
151,Mew,Psychic,,Synchronize,,,100,100,100,100,100,100,600,45,300
152,Chikorita,Grass,,Overgrow,Leaf Guard,,45,49,65,49,65,45,318,45,64
153,Bayleef,Grass,,Overgrow,Leaf Guard,,60,62,80,63,80,60,405,45,142
154,Meganium,Grass,,Overgrow,Leaf Guard,,80,82,100,83,100,80,525,45,236
155,Cyndaquil,Fire,,Blaze,Flash Fire,,39,52,43,60,50,65,309,45,62
156,Quilava,Fire,,Blaze,Flash Fire,,58,64,58,80,65,80,405,45,142
157,Typhlosion,Fire,,Blaze,Flash Fire,,78,84,78,109,85,100,534,45,267
158,Totodile,Water,,Torrent,Sheer Force,,50,65,64,44,48,43,314,45,63
159,Croconaw,Water,,Torrent,Sheer Force,,65,80,80,59,63,58,405,45,142
160,Feraligatr,Water,,Torrent,Sheer Force,,85,105,100,79,83,78,530,45,239
161,Sentret,Normal,,Run Away,Keen Eye,Frisk,35,46,34,35,45,20,215,255,43
162,Furret,Normal,,Run Away,Keen Eye,Frisk,85,76,64,45,55,90,415,90,145
163,Hoothoot,Normal,Flying,Insomnia,Keen Eye,Tinted Lens,60,30,30,36,56,50,262,255,52
164,Noctowl,Normal,Flying,Insomnia,Keen Eye,Tinted Lens,100,50,50,86,96,70,452,90,158
165,Ledyba,Bug,Flying,Swarm,Early Bird,Rattled,40,20,30,40,80,55,265,255,53
166,Ledian,Bug,Flying,Swarm,Early Bird,Iron Fist,55,35,50,55,110,85,390,90,137
167,Spinarak,Bug,Poison,Swarm,Insomnia,Sniper,40,60,40,40,40,30,250,255,50
168,Ariados,Bug,Poison,Swarm,Insomnia,Sniper,70,90,70,60,70,40,400,90,140
169,Crobat,Poison,Flying,Inner Focus,Infiltrator,,85,90,80,70,80,130,535,90,241
170,Chinchou,Water,Electric,Volt Absorb,Illuminate,Water Absorb,75,38,38,56,56,67,330,190,66
171,Lanturn,Water,Electric,Volt Absorb,Illuminate,Water Absorb,125,58,58,76,76,67,460,75,161
172,Pichu,Electric,,Static,Lightning Rod,,20,40,15,35,35,60,205,190,41
173,Cleffa,Fairy,,Cute Charm,Magic Guard,Friend Guard,50,25,28,45,55,15,218,150,44
174,Igglybuff,Normal,Fairy,Cute Charm,Competitive,Friend Guard,90,30,15,40,20,15,210,170,42
175,Togepi,Fairy,,Hustle,Serene Grace,Super Luck,35,20,65,40,65,20,245,190,49
176,Togetic,Fairy,Flying,Hustle,Serene Grace,Super Luck,55,40,85,80,105,40,405,75,142
177,Natu,Psychic,Flying,Synchronize,Early Bird,Magic Bounce,40,50,45,70,45,70,320,190,64
178,Xatu,Psychic,Flying,Synchronize,Early Bird,Magic Bounce,65,75,70,95,70,95,470,75,165
179,Mareep,Electric,,Static,Plus,,55,40,40,65,45,35,280,235,56
180,Flaaffy,Electric,,Static,Plus,,70,55,55,80,60,45,365,120,128
181,Ampharos,Electric,,Static,Plus,,90,75,85,115,90,55,510,45,255
182,Bellossom,Grass,,Chlorophyll,Healer,,75,80,95,90,100,50,490,45,221
183,Marill,Water,Fairy,Thick Fat,Huge Power,Sap Sipper,70,20,50,20,50,40,250,190,88
184,Azumarill,Water,Fairy,Thick Fat,Huge Power,Sap Sipper,100,50,80,60,80,50,420,75,210
185,Sudowoodo,Rock,,Sturdy,Rock Head,Rattled,70,100,115,30,65,30,410,65,144
186,Politoed,Water,,Water Absorb,Damp,Drizzle,90,75,75,90,100,70,500,45,225
187,Hoppip,Grass,Flying,Chlorophyll,Leaf Guard,Infiltrator,35,35,40,35,55,50,250,255,50
188,Skiploom,Grass,Flying,Chlorophyll,Leaf Guard,Infiltrator,55,45,50,45,65,80,340,120,119
189,Jumpluff,Grass,Flying,Chlorophyll,Leaf Guard,Infiltrator,75,55,70,55,95,110,460,45,230
190,Aipom,Normal,,Run Away,Pickup,Skill Link,55,70,55,40,55,85,360,45,72
191,Sunkern,Grass,,Chlorophyll,Solar Power,Early Bird,30,30,30,30,30,30,180,235,36
192,Sunflora,Grass,,Chlorophyll,Solar Power,Early Bird,75,75,55,105,85,30,425,120,149
193,Yanma,Bug,Flying,Speed Boost,Compound Eyes,Frisk,65,65,45,75,45,95,390,75,78
194,Wooper,Water,Ground,Damp,Water Absorb,Unaware,55,45,45,25,25,15,210,255,42
195,Quagsire,Water,Ground,Damp,Water Absorb,Unaware,95,85,85,65,65,35,430,90,151
196,Espeon,Psychic,,Synchronize,Magic Bounce,,65,65,60,130,95,110,525,45,184
197,Umbreon,Dark,,Synchronize,Inner Focus,,95,65,110,60,130,65,525,45,184
198,Murkrow,Dark,Flying,Insomnia,Super Luck,Prankster,60,85,42,85,42,91,405,30,81
199,Slowking,Water,Psychic,Oblivious,Own Tempo,Regenerator,95,75,80,100,110,30,490,70,172
200,Misdreavus,Ghost,,Levitate,,,60,60,60,85,85,85,435,45,87
201,Unown,Psychic,,Levitate,,,48,72,48,72,48,48,336,225,118
202,Wobbuffet,Psychic,,Shadow Tag,Telepathy,,190,33,58,33,58,33,405,45,142
203,Girafarig,Normal,Psychic,Inner Focus,Early Bird,Sap Sipper,70,80,65,90,65,85,455,60,159
204,Pineco,Bug,,Sturdy,Overcoat,,50,65,90,35,35,15,290,190,58
205,Forretress,Bug,Steel,Sturdy,Overcoat,,75,90,140,60,60,40,465,75,163
206,Dunsparce,Normal,,Serene Grace,Run Away,Rattled,100,70,70,65,65,45,415,190,145
207,Gligar,Ground,Flying,Hyper Cutter,Sand Veil,Immunity,65,75,105,35,65,85,430,60,86
208,Steelix,Steel,Ground,Rock Head,Sturdy,Sheer Force,75,85,200,55,65,30,510,25,179
209,Snubbull,Fairy,,Intimidate,Run Away,Rattled,60,80,50,40,40,30,300,190,60
210,Granbull,Fairy,,Intimidate,Quick Feet,Rattled,90,120,75,60,60,45,450,75,158
211,Qwilfish,Water,Poison,Poison Point,Swift Swim,Intimidate,65,95,85,55,55,85,440,45,88
212,Scizor,Bug,Steel,Swarm,Technician,Light Metal,70,130,100,55,80,65,500,25,175
213,Shuckle,Bug,Rock,Sturdy,Gluttony,Contrary,20,10,230,10,230,5,505,190,177
214,Heracross,Bug,Fighting,Swarm,Guts,Moxie,80,125,75,40,95,85,500,45,175
215,Sneasel,Dark,Ice,Inner Focus,Keen Eye,Pickpocket,55,95,55,35,75,115,430,60,86
216,Teddiursa,Normal,,Pickup,Quick Feet,Honey Gather,60,80,50,50,50,40,330,120,66
217,Ursaring,Normal,,Guts,Quick Feet,Unnerve,90,130,75,75,75,55,500,60,175
218,Slugma,Fire,,Magma Armor,Flame Body,Weak Armor,40,40,40,70,40,20,250,190,50
219,Magcargo,Fire,Rock,Magma Armor,Flame Body,Weak Armor,60,50,120,90,80,30,430,75,151
220,Swinub,Ice,Ground,Oblivious,Snow Cloak,Thick Fat,50,50,40,30,30,50,250,225,50
221,Piloswine,Ice,Ground,Oblivious,Snow Cloak,Thick Fat,100,100,80,60,60,50,450,75,158
222,Corsola,Water,Rock,Hustle,Natural Cure,Regenerator,65,55,95,65,95,35,410,60,144
223,Remoraid,Water,,Hustle,Sniper,Moody,35,65,35,65,35,65,300,190,60
224,Octillery,Water,,Suction Cups,Sniper,Moody,75,105,75,105,75,45,480,75,168
225,Delibird,Ice,Flying,Vital Spirit,Hustle,Insomnia,45,55,45,65,45,75,330,45,116
226,Mantine,Water,Flying,Swift Swim,Water Absorb,Water Veil,85,40,70,80,140,70,485,25,170
227,Skarmory,Steel,Flying,Keen Eye,Sturdy,Weak Armor,65,80,140,40,70,70,465,25,163
228,Houndour,Dark,Fire,Early Bird,Flash Fire,Unnerve,45,60,30,80,50,65,330,120,66
229,Houndoom,Dark,Fire,Early Bird,Flash Fire,Unnerve,75,90,50,110,80,95,500,45,175
230,Kingdra,Water,Dragon,Swift Swim,Sniper,Damp,75,95,95,95,95,85,540,45,243
231,Phanpy,Ground,,Pickup,Sand Veil,,90,60,60,40,40,40,330,120,66
232,Donphan,Ground,,Sturdy,Sand Veil,,90,120,120,60,60,50,500,60,175
233,Porygon2,Normal,,Trace,Download,Analytic,85,80,90,105,95,60,515,45,180
234,Stantler,Normal,,Intimidate,Frisk,Sap Sipper,73,95,62,85,65,85,465,45,163
235,Smeargle,Normal,,Own Tempo,Technician,Moody,55,20,35,20,45,75,250,45,88
236,Tyrogue,Fighting,,Guts,Steadfast,Vital Spirit,35,35,35,35,35,35,210,75,42
237,Hitmontop,Fighting,,Intimidate,Technician,Steadfast,50,95,95,35,110,70,455,45,159
238,Smoochum,Ice,Psychic,Oblivious,Forewarn,Hydration,45,30,15,85,65,65,305,45,61
239,Elekid,Electric,,Static,Vital Spirit,,45,63,37,65,55,95,360,45,72
240,Magby,Fire,,Flame Body,Vital Spirit,,45,75,37,70,55,83,365,45,73
241,Miltank,Normal,,Thick Fat,Scrappy,Sap Sipper,95,80,105,40,70,100,490,45,172
242,Blissey,Normal,,Natural Cure,Serene Grace,Healer,255,10,10,75,135,55,540,30,635
243,Raikou,Electric,,Pressure,Inner Focus,,90,85,75,115,100,115,580,3,261
244,Entei,Fire,,Pressure,Inner Focus,,115,115,85,90,75,100,580,3,261
245,Suicune,Water,,Pressure,Inner Focus,,100,75,115,90,115,85,580,3,261
246,Larvitar,Rock,Ground,Guts,Sand Veil,,50,64,50,45,50,41,300,45,60
247,Pupitar,Rock,Ground,Shed Skin,,,70,84,70,65,70,51,410,45,144
248,Tyranitar,Rock,Dark,Sand Stream,Unnerve,,100,134,110,95,100,61,600,45,300
249,Lugia,Psychic,Flying,Pressure,Multiscale,,106,90,130,90,154,110,680,3,306
250,Ho-oh,Fire,Flying,Pressure,Regenerator,,106,130,90,110,154,90,680,3,306
251,Celebi,Psychic,Grass,Natural Cure,,,100,100,100,100,100,100,600,45,270
252,Treecko,Grass,,Overgrow,Unburden,,40,45,35,65,55,70,310,45,62
253,Grovyle,Grass,,Overgrow,Unburden,,50,65,45,85,65,95,405,45,142
254,Sceptile,Grass,,Overgrow,Unburden,,70,85,65,105,85,120,530,45,239
255,Torchic,Fire,,Blaze,Speed Boost,,45,60,40,70,50,45,310,45,62
256,Combusken,Fire,Fighting,Blaze,Speed Boost,,60,85,60,85,60,55,405,45,142
257,Blaziken,Fire,Fighting,Blaze,Speed Boost,,80,120,70,110,70,80,530,45,239
258,Mudkip,Water,,Torrent,Damp,,50,70,50,50,50,40,310,45,62
259,Marshtomp,Water,Ground,Torrent,Damp,,70,85,70,60,70,50,405,45,142
260,Swampert,Water,Ground,Torrent,Damp,,100,110,90,85,90,60,535,45,241
261,Poochyena,Dark,,Run Away,Quick Feet,Rattled,35,55,35,30,30,35,220,255,56
262,Mightyena,Dark,,Intimidate,Quick Feet,Moxie,70,90,70,60,60,70,420,127,147
263,Zigzagoon,Normal,,Pickup,Gluttony,Quick Feet,38,30,41,30,41,60,240,255,56
264,Linoone,Normal,,Pickup,Gluttony,Quick Feet,78,70,61,50,61,100,420,90,147
265,Wurmple,Bug,,Shield Dust,Run Away,,45,45,35,20,30,20,195,255,56
266,Silcoon,Bug,,Shed Skin,,,50,35,55,25,25,15,205,120,72
267,Beautifly,Bug,Flying,Swarm,Rivalry,,60,70,50,100,50,65,395,45,178
268,Cascoon,Bug,,Shed Skin,,,50,35,55,25,25,15,205,120,72
269,Dustox,Bug,Poison,Shield Dust,Compound Eyes,,60,50,70,50,90,65,385,45,173
270,Lotad,Water,Grass,Swift Swim,Rain Dish,Own Tempo,40,30,30,40,50,30,220,255,44
271,Lombre,Water,Grass,Swift Swim,Rain Dish,Own Tempo,60,50,50,60,70,50,340,120,119
272,Ludicolo,Water,Grass,Swift Swim,Rain Dish,Own Tempo,80,70,70,90,100,70,480,45,216
273,Seedot,Grass,,Chlorophyll,Early Bird,Pickpocket,40,40,50,30,30,30,220,255,44
274,Nuzleaf,Grass,Dark,Chlorophyll,Early Bird,Pickpocket,70,70,40,60,40,60,340,120,119
275,Shiftry,Grass,Dark,Chlorophyll,Early Bird,Pickpocket,90,100,60,90,60,80,480,45,216
276,Taillow,Normal,Flying,Guts,Scrappy,,40,55,30,30,30,85,270,200,54
277,Swellow,Normal,Flying,Guts,Scrappy,,60,85,60,75,50,125,455,45,159
278,Wingull,Water,Flying,Keen Eye,Hydration,Rain Dish,40,30,30,55,30,85,270,190,54
279,Pelipper,Water,Flying,Keen Eye,Drizzle,Rain Dish,60,50,100,95,70,65,440,45,154
280,Ralts,Psychic,Fairy,Synchronize,Trace,Telepathy,28,25,25,45,35,40,198,235,40
281,Kirlia,Psychic,Fairy,Synchronize,Trace,Telepathy,38,35,35,65,55,50,278,120,97
282,Gardevoir,Psychic,Fairy,Synchronize,Trace,Telepathy,68,65,65,125,115,80,518,45,259
283,Surskit,Bug,Water,Swift Swim,Rain Dish,,40,30,32,50,52,65,269,200,54
284,Masquerain,Bug,Flying,Intimidate,Unnerve,,70,60,62,100,82,80,454,75,159
285,Shroomish,Grass,,Effect Spore,Poison Heal,Quick Feet,60,40,60,40,60,35,295,255,59
286,Breloom,Grass,Fighting,Effect Spore,Poison Heal,Technician,60,130,80,60,60,70,460,90,161
287,Slakoth,Normal,,Truant,,,60,60,60,35,35,30,280,255,56
288,Vigoroth,Normal,,Vital Spirit,,,80,80,80,55,55,90,440,120,154
289,Slaking,Normal,,Truant,,,150,160,100,95,65,100,670,45,285
290,Nincada,Bug,Ground,Compound Eyes,Run Away,,31,45,90,30,30,40,266,255,53
291,Ninjask,Bug,Flying,Speed Boost,Infiltrator,,61,90,45,50,50,160,456,120,160
292,Shedinja,Bug,Ghost,Wonder Guard,,,1,90,45,30,30,40,236,45,83
293,Whismur,Normal,,Soundproof,Rattled,,64,51,23,51,23,28,240,190,48
294,Loudred,Normal,,Soundproof,Scrappy,,84,71,43,71,43,48,360,120,126
295,Exploud,Normal,,Soundproof,Scrappy,,104,91,63,91,73,68,490,45,221
296,Makuhita,Fighting,,Thick Fat,Guts,Sheer Force,72,60,30,20,30,25,237,180,47
297,Hariyama,Fighting,,Thick Fat,Guts,Sheer Force,144,120,60,40,60,50,474,200,166
298,Azurill,Normal,Fairy,Thick Fat,Huge Power,Sap Sipper,50,20,40,20,40,20,190,150,38
299,Nosepass,Rock,,Sturdy,Magnet Pull,Sand Force,30,45,135,45,90,30,375,255,75
300,Skitty,Normal,,Cute Charm,Normalize,Wonder Skin,50,45,45,35,35,50,260,255,52
301,Delcatty,Normal,,Cute Charm,Normalize,Wonder Skin,70,65,65,55,55,90,400,60,140
302,Sableye,Dark,Ghost,Keen Eye,Stall,Prankster,50,75,75,65,65,50,380,45,133
303,Mawile,Steel,Fairy,Hyper Cutter,Intimidate,Sheer Force,50,85,85,55,55,50,380,45,133
304,Aron,Steel,Rock,Sturdy,Rock Head,Heavy Metal,50,70,100,40,40,30,330,180,66
305,Lairon,Steel,Rock,Sturdy,Rock Head,Heavy Metal,60,90,140,50,50,40,430,90,151
306,Aggron,Steel,Rock,Sturdy,Rock Head,Heavy Metal,70,110,180,60,60,50,530,45,239
307,Meditite,Fighting,Psychic,Pure Power,Telepathy,,30,40,55,40,55,60,280,180,56
308,Medicham,Fighting,Psychic,Pure Power,Telepathy,,60,60,75,60,75,80,410,90,144
309,Electrike,Electric,,Static,Lightning Rod,Minus,40,45,40,65,40,65,295,120,59
310,Manectric,Electric,,Static,Lightning Rod,Minus,70,75,60,105,60,105,475,45,166
311,Plusle,Electric,,Plus,Lightning Rod,,60,50,40,85,75,95,405,200,142
312,Minun,Electric,,Minus,Volt Absorb,,60,40,50,75,85,95,405,200,142
313,Volbeat,Bug,,Illuminate,Swarm,Prankster,65,73,75,47,85,85,430,150,151
314,Illumise,Bug,,Oblivious,Tinted Lens,Prankster,65,47,75,73,85,85,430,150,151
315,Roselia,Grass,Poison,Natural Cure,Poison Point,Leaf Guard,50,60,45,100,80,65,400,150,140
316,Gulpin,Poison,,Liquid Ooze,Sticky Hold,Gluttony,70,43,53,43,53,40,302,225,60
317,Swalot,Poison,,Liquid Ooze,Sticky Hold,Gluttony,100,73,83,73,83,55,467,75,163
318,Carvanha,Water,Dark,Rough Skin,Speed Boost,,45,90,20,65,20,65,305,225,61
319,Sharpedo,Water,Dark,Rough Skin,Speed Boost,,70,120,40,95,40,95,460,60,161
320,Wailmer,Water,,Water Veil,Oblivious,Pressure,130,70,35,70,35,60,400,125,80
321,Wailord,Water,,Water Veil,Oblivious,Pressure,170,90,45,90,45,60,500,60,175
322,Numel,Fire,Ground,Oblivious,Simple,Own Tempo,60,60,40,65,45,35,305,255,61
323,Camerupt,Fire,Ground,Magma Armor,Solid Rock,Anger Point,70,100,70,105,75,40,460,150,161
324,Torkoal,Fire,,White Smoke,Drought,Shell Armor,70,85,140,85,70,20,470,90,165
325,Spoink,Psychic,,Thick Fat,Own Tempo,Gluttony,60,25,35,70,80,60,330,255,66
326,Grumpig,Psychic,,Thick Fat,Own Tempo,Gluttony,80,45,65,90,110,80,470,60,165
327,Spinda,Normal,,Own Tempo,Tangled Feet,Contrary,60,60,60,60,60,60,360,255,126
328,Trapinch,Ground,,Hyper Cutter,Arena Trap,Sheer Force,45,100,45,45,45,10,290,255,58
329,Vibrava,Ground,Dragon,Levitate,,,50,70,50,50,50,70,340,120,119
330,Flygon,Ground,Dragon,Levitate,,,80,100,80,80,80,100,520,45,234
331,Cacnea,Grass,,Sand Veil,Water Absorb,,50,85,40,85,40,35,335,190,67
332,Cacturne,Grass,Dark,Sand Veil,Water Absorb,,70,115,60,115,60,55,475,60,166
333,Swablu,Normal,Flying,Natural Cure,Cloud Nine,,45,40,60,40,75,50,310,255,62
334,Altaria,Dragon,Flying,Natural Cure,Cloud Nine,,75,70,90,70,105,80,490,45,172
335,Zangoose,Normal,,Immunity,Toxic Boost,,73,115,60,60,60,90,458,90,160
336,Seviper,Poison,,Shed Skin,Infiltrator,,73,100,60,100,60,65,458,90,160
337,Lunatone,Rock,Psychic,Levitate,,,90,55,65,95,85,70,460,45,161
338,Solrock,Rock,Psychic,Levitate,,,90,95,85,55,65,70,460,45,161
339,Barboach,Water,Ground,Oblivious,Anticipation,Hydration,50,48,43,46,41,60,288,190,58
340,Whiscash,Water,Ground,Oblivious,Anticipation,Hydration,110,78,73,76,71,60,468,75,164
341,Corphish,Water,,Hyper Cutter,Shell Armor,Adaptability,43,80,65,50,35,35,308,205,62
342,Crawdaunt,Water,Dark,Hyper Cutter,Shell Armor,Adaptability,63,120,85,90,55,55,468,155,164
343,Baltoy,Ground,Psychic,Levitate,,,40,40,55,40,70,55,300,255,60
344,Claydol,Ground,Psychic,Levitate,,,60,70,105,70,120,75,500,90,175
345,Lileep,Rock,Grass,Suction Cups,Storm Drain,,66,41,77,61,87,23,355,45,71
346,Cradily,Rock,Grass,Suction Cups,Storm Drain,,86,81,97,81,107,43,495,45,173
347,Anorith,Rock,Bug,Battle Armor,Swift Swim,,45,95,50,40,50,75,355,45,71
348,Armaldo,Rock,Bug,Battle Armor,Swift Swim,,75,125,100,70,80,45,495,45,173
349,Feebas,Water,,Swift Swim,Oblivious,Adaptability,20,15,20,10,55,80,200,255,40
350,Milotic,Water,,Marvel Scale,Competitive,Cute Charm,95,60,79,100,125,81,540,60,189
351,Castform,Normal,,Forecast,,,70,70,70,70,70,70,420,45,147
352,Kecleon,Normal,,Color Change,Protean,,60,90,70,60,120,40,440,200,154
353,Shuppet,Ghost,,Insomnia,Frisk,Cursed Body,44,75,35,63,33,45,295,225,59
354,Banette,Ghost,,Insomnia,Frisk,Cursed Body,64,115,65,83,63,65,455,45,159
355,Duskull,Ghost,,Levitate,Frisk,,20,40,90,30,90,25,295,190,59
356,Dusclops,Ghost,,Pressure,Frisk,,40,70,130,60,130,25,455,90,159
357,Tropius,Grass,Flying,Chlorophyll,Solar Power,Harvest,99,68,83,72,87,51,460,200,161
358,Chimecho,Psychic,,Levitate,,,75,50,80,95,90,65,455,45,159
359,Absol,Dark,,Pressure,Super Luck,Justified,65,130,60,75,60,75,465,30,163
360,Wynaut,Psychic,,Shadow Tag,Telepathy,,95,23,48,23,48,23,260,125,52
361,Snorunt,Ice,,Inner Focus,Ice Body,Moody,50,50,50,50,50,50,300,190,60
362,Glalie,Ice,,Inner Focus,Ice Body,Moody,80,80,80,80,80,80,480,75,168
363,Spheal,Ice,Water,Thick Fat,Ice Body,Oblivious,70,40,50,55,50,25,290,255,58
364,Sealeo,Ice,Water,Thick Fat,Ice Body,Oblivious,90,60,70,75,70,45,410,120,144
365,Walrein,Ice,Water,Thick Fat,Ice Body,Oblivious,110,80,90,95,90,65,530,45,239
366,Clamperl,Water,,Shell Armor,Rattled,,35,64,85,74,55,32,345,255,69
367,Huntail,Water,,Swift Swim,Water Veil,,55,104,105,94,75,52,485,60,170
368,Gorebyss,Water,,Swift Swim,Hydration,,55,84,105,114,75,52,485,60,170
369,Relicanth,Water,Rock,Swift Swim,Rock Head,Sturdy,100,90,130,45,65,55,485,25,170
370,Luvdisc,Water,,Swift Swim,Hydration,,43,30,55,40,65,97,330,225,116
371,Bagon,Dragon,,Rock Head,Sheer Force,,45,75,60,40,30,50,300,45,60
372,Shelgon,Dragon,,Rock Head,Overcoat,,65,95,100,60,50,50,420,45,147
373,Salamence,Dragon,Flying,Intimidate,Moxie,,95,135,80,110,80,100,600,45,300
374,Beldum,Steel,Psychic,Clear Body,Light Metal,,40,55,80,35,60,30,300,3,60
375,Metang,Steel,Psychic,Clear Body,Light Metal,,60,75,100,55,80,50,420,3,147
376,Metagross,Steel,Psychic,Clear Body,Light Metal,,80,135,130,95,90,70,600,3,270
377,Regirock,Rock,,Clear Body,Sturdy,,80,100,200,50,100,50,580,3,261
378,Regice,Ice,,Clear Body,Ice Body,,80,50,100,100,200,50,580,3,261
379,Registeel,Steel,,Clear Body,Light Metal,,80,75,150,75,150,50,580,3,261
380,Latias,Dragon,Psychic,Levitate,,,80,80,90,110,130,110,600,3,270
381,Latios,Dragon,Psychic,Levitate,,,80,90,80,130,110,110,600,3,270
382,Kyogre,Water,,Drizzle,,,100,100,90,150,140,90,670,3,335
383,Groudon,Ground,,Drought,,,100,150,140,100,90,90,670,3,335
384,Rayquaza,Dragon,Flying,Air Lock,,,105,150,90,150,90,95,680,45,340
385,Jirachi,Steel,Psychic,Serene Grace,,,100,100,100,100,100,100,600,3,270
386,Deoxys,Psychic,,Pressure,,,50,150,50,150,50,150,600,3,270
387,Turtwig,Grass,,Overgrow,Shell Armor,,55,68,64,45,55,31,318,45,64
388,Grotle,Grass,,Overgrow,Shell Armor,,75,89,85,55,65,36,405,45,142
389,Torterra,Grass,Ground,Overgrow,Shell Armor,,95,109,105,75,85,56,525,45,236
390,Chimchar,Fire,,Blaze,Iron Fist,,44,58,44,58,44,61,309,45,62
391,Monferno,Fire,Fighting,Blaze,Iron Fist,,64,78,52,78,52,81,405,45,142
392,Infernape,Fire,Fighting,Blaze,Iron Fist,,76,104,71,104,71,108,534,45,240
393,Piplup,Water,,Torrent,Defiant,,53,51,53,61,56,40,314,45,63
394,Prinplup,Water,,Torrent,Defiant,,64,66,68,81,76,50,405,45,142
395,Empoleon,Water,Steel,Torrent,Defiant,,84,86,88,111,101,60,530,45,239
396,Starly,Normal,Flying,Keen Eye,Reckless,,40,55,30,30,30,60,245,255,49
397,Staravia,Normal,Flying,Intimidate,Reckless,,55,75,50,40,40,80,340,120,119
398,Staraptor,Normal,Flying,Intimidate,Reckless,,85,120,70,50,60,100,485,45,243
399,Bidoof,Normal,,Simple,Unaware,Moody,59,45,40,35,40,31,250,255,50
400,Bibarel,Normal,Water,Simple,Unaware,Moody,79,85,60,55,60,71,410,127,144
401,Kricketot,Bug,,Shed Skin,Run Away,,37,25,41,25,41,25,194,255,39
402,Kricketune,Bug,,Swarm,Technician,,77,85,51,55,51,65,384,45,134
403,Shinx,Electric,,Rivalry,Intimidate,Guts,45,65,34,40,34,45,263,235,53
404,Luxio,Electric,,Rivalry,Intimidate,Guts,60,85,49,60,49,60,363,120,127
405,Luxray,Electric,,Rivalry,Intimidate,Guts,80,120,79,95,79,70,523,45,262
406,Budew,Grass,Poison,Natural Cure,Poison Point,Leaf Guard,40,30,35,50,70,55,280,255,56
407,Roserade,Grass,Poison,Natural Cure,Poison Point,Technician,60,70,65,125,105,90,515,75,232
408,Cranidos,Rock,,Mold Breaker,Sheer Force,,67,125,40,30,30,58,350,45,70
409,Rampardos,Rock,,Mold Breaker,Sheer Force,,97,165,60,65,50,58,495,45,173
410,Shieldon,Rock,Steel,Sturdy,Soundproof,,30,42,118,42,88,30,350,45,70
411,Bastiodon,Rock,Steel,Sturdy,Soundproof,,60,52,168,47,138,30,495,45,173
412,Burmy,Bug,,Shed Skin,Overcoat,,40,29,45,29,45,36,224,120,45
413,Wormadam,Bug,Grass,Anticipation,Overcoat,,60,59,85,79,105,36,424,45,148
414,Mothim,Bug,Flying,Swarm,Tinted Lens,,70,94,50,94,50,66,424,45,148
415,Combee,Bug,Flying,Honey Gather,Hustle,,30,30,42,30,42,70,244,120,49
416,Vespiquen,Bug,Flying,Pressure,Unnerve,,70,80,102,80,102,40,474,45,166
417,Pachirisu,Electric,,Run Away,Pickup,Volt Absorb,60,45,70,45,90,95,405,200,142
418,Buizel,Water,,Swift Swim,Water Veil,,55,65,35,60,30,85,330,190,66
419,Floatzel,Water,,Swift Swim,Water Veil,,85,105,55,85,50,115,495,75,173
420,Cherubi,Grass,,Chlorophyll,,,45,35,45,62,53,35,275,190,55
421,Cherrim,Grass,,Flower Gift,,,70,60,70,87,78,85,450,75,158
422,Shellos,Water,,Sticky Hold,Storm Drain,Sand Force,76,48,48,57,62,34,325,190,65
423,Gastrodon,Water,Ground,Sticky Hold,Storm Drain,Sand Force,111,83,68,92,82,39,475,75,166
424,Ambipom,Normal,,Technician,Pickup,Skill Link,75,100,66,60,66,115,482,45,169
425,Drifloon,Ghost,Flying,Aftermath,Unburden,Flare Boost,90,50,34,60,44,70,348,125,70
426,Drifblim,Ghost,Flying,Aftermath,Unburden,Flare Boost,150,80,44,90,54,80,498,60,174
427,Buneary,Normal,,Run Away,Klutz,Limber,55,66,44,44,56,85,350,190,70
428,Lopunny,Normal,,Cute Charm,Klutz,Limber,65,76,84,54,96,105,480,60,168
429,Mismagius,Ghost,,Levitate,,,60,60,60,105,105,105,495,45,173
430,Honchkrow,Dark,Flying,Insomnia,Super Luck,Moxie,100,125,52,105,52,71,505,30,177
431,Glameow,Normal,,Limber,Own Tempo,Keen Eye,49,55,42,42,37,85,310,190,62
432,Purugly,Normal,,Thick Fat,Own Tempo,Defiant,71,82,64,64,59,112,452,75,158
433,Chingling,Psychic,,Levitate,,,45,30,50,65,50,45,285,120,57
434,Stunky,Poison,Dark,Stench,Aftermath,Keen Eye,63,63,47,41,41,74,329,225,66
435,Skuntank,Poison,Dark,Stench,Aftermath,Keen Eye,103,93,67,71,61,84,479,60,168
436,Bronzor,Steel,Psychic,Levitate,Heatproof,Heavy Metal,57,24,86,24,86,23,300,255,60
437,Bronzong,Steel,Psychic,Levitate,Heatproof,Heavy Metal,67,89,116,79,116,33,500,90,175
438,Bonsly,Rock,,Sturdy,Rock Head,Rattled,50,80,95,10,45,10,290,255,58
439,Mime Jr.,Psychic,Fairy,Soundproof,Filter,Technician,20,25,45,70,90,60,310,145,62
440,Happiny,Normal,,Natural Cure,Serene Grace,Friend Guard,100,5,5,15,65,30,220,130,110
441,Chatot,Normal,Flying,Keen Eye,Tangled Feet,Big Pecks,76,65,45,92,42,91,411,30,144
442,Spiritomb,Ghost,Dark,Pressure,Infiltrator,,50,92,108,92,108,35,485,100,170
443,Gible,Dragon,Ground,Sand Veil,Rough Skin,,58,70,45,40,45,42,300,45,60
444,Gabite,Dragon,Ground,Sand Veil,Rough Skin,,68,90,65,50,55,82,410,45,144
445,Garchomp,Dragon,Ground,Sand Veil,Rough Skin,,108,130,95,80,85,102,600,45,300
446,Munchlax,Normal,,Pickup,Thick Fat,Gluttony,135,85,40,40,85,5,390,50,78
447,Riolu,Fighting,,Steadfast,Inner Focus,Prankster,40,70,40,35,40,60,285,75,57
448,Lucario,Fighting,Steel,Steadfast,Inner Focus,Justified,70,110,70,115,70,90,525,45,184
449,Hippopotas,Ground,,Sand Stream,Sand Force,,68,72,78,38,42,32,330,140,66
450,Hippowdon,Ground,,Sand Stream,Sand Force,,108,112,118,68,72,47,525,60,184
451,Skorupi,Poison,Bug,Battle Armor,Sniper,Keen Eye,40,50,90,30,55,65,330,120,66
452,Drapion,Poison,Dark,Battle Armor,Sniper,Keen Eye,70,90,110,60,75,95,500,45,175
453,Croagunk,Poison,Fighting,Anticipation,Dry Skin,Poison Touch,48,61,40,61,40,50,300,140,60
454,Toxicroak,Poison,Fighting,Anticipation,Dry Skin,Poison Touch,83,106,65,86,65,85,490,75,172
455,Carnivine,Grass,,Levitate,,,74,100,72,90,72,46,454,200,159
456,Finneon,Water,,Swift Swim,Storm Drain,Water Veil,49,49,56,49,61,66,330,190,66
457,Lumineon,Water,,Swift Swim,Storm Drain,Water Veil,69,69,76,69,86,91,460,75,161
458,Mantyke,Water,Flying,Swift Swim,Water Absorb,Water Veil,45,20,50,60,120,50,345,25,69
459,Snover,Grass,Ice,Snow Warning,Soundproof,,60,62,50,62,60,40,334,120,67
460,Abomasnow,Grass,Ice,Snow Warning,Soundproof,,90,92,75,92,85,60,494,60,173
461,Weavile,Dark,Ice,Pressure,Pickpocket,,70,120,65,45,85,125,510,45,179
462,Magnezone,Electric,Steel,Magnet Pull,Sturdy,Analytic,70,70,115,130,90,60,535,30,268
463,Lickilicky,Normal,,Own Tempo,Oblivious,Cloud Nine,110,85,95,80,95,50,515,30,180
464,Rhyperior,Ground,Rock,Lightning Rod,Solid Rock,Reckless,115,140,130,55,55,40,535,30,241
465,Tangrowth,Grass,,Chlorophyll,Leaf Guard,Regenerator,100,100,125,110,50,50,535,30,187
466,Electivire,Electric,,Motor Drive,Vital Spirit,,75,123,67,95,85,95,540,30,243
467,Magmortar,Fire,,Flame Body,Vital Spirit,,75,95,67,125,95,83,540,30,243
468,Togekiss,Fairy,Flying,Hustle,Serene Grace,Super Luck,85,50,95,120,115,80,545,30,245
469,Yanmega,Bug,Flying,Speed Boost,Tinted Lens,Frisk,86,76,86,116,56,95,515,30,180
470,Leafeon,Grass,,Leaf Guard,Chlorophyll,,65,110,130,60,65,95,525,45,184
471,Glaceon,Ice,,Snow Cloak,Ice Body,,65,60,110,130,95,65,525,45,184
472,Gliscor,Ground,Flying,Hyper Cutter,Sand Veil,Poison Heal,75,95,125,45,75,95,510,30,179
473,Mamoswine,Ice,Ground,Oblivious,Snow Cloak,Thick Fat,110,130,80,70,60,80,530,50,239
474,Porygon-Z,Normal,,Adaptability,Download,Analytic,85,80,70,135,75,90,535,30,241
475,Gallade,Psychic,Fighting,Steadfast,Sharpness,Justified,68,125,65,65,115,80,518,45,259
476,Probopass,Rock,Steel,Sturdy,Magnet Pull,Sand Force,60,55,145,75,150,40,525,60,184
477,Dusknoir,Ghost,,Pressure,Frisk,,45,100,135,65,135,45,525,45,236
478,Froslass,Ice,Ghost,Snow Cloak,Cursed Body,,70,80,70,80,70,110,480,75,168
479,Rotom,Electric,Ghost,Levitate,,,50,50,77,95,77,91,440,45,154
480,Uxie,Psychic,,Levitate,,,75,75,130,75,130,95,580,3,290
481,Mesprit,Psychic,,Levitate,,,80,105,105,105,105,80,580,3,290
482,Azelf,Psychic,,Levitate,,,75,125,70,125,70,115,580,3,290
483,Dialga,Steel,Dragon,Pressure,Telepathy,,100,120,120,150,100,90,680,3,340
484,Palkia,Water,Dragon,Pressure,Telepathy,,90,120,100,150,120,100,680,3,340
485,Heatran,Fire,Steel,Flash Fire,Flame Body,,91,90,106,130,106,77,600,3,300
486,Regigigas,Normal,,Slow Start,,,110,160,110,80,110,100,670,3,302
487,Giratina,Ghost,Dragon,Pressure,Telepathy,,150,100,120,100,120,90,680,3,340
488,Cresselia,Psychic,,Levitate,,,120,70,110,75,120,85,580,3,290
489,Phione,Water,,Hydration,,,80,80,80,80,80,80,480,30,216
490,Manaphy,Water,,Hydration,,,100,100,100,100,100,100,600,3,270
491,Darkrai,Dark,,Bad Dreams,,,70,90,90,135,90,125,600,3,270
492,Shaymin,Grass,,Natural Cure,,,100,100,100,100,100,100,600,45,270
493,Arceus,Normal,,Multitype,,,120,120,120,120,120,120,720,3,360
494,Victini,Psychic,Fire,Victory Star,,,100,100,100,100,100,100,600,3,270
495,Snivy,Grass,,Overgrow,Contrary,,45,45,55,45,55,63,308,45,62
496,Servine,Grass,,Overgrow,Contrary,,60,60,75,60,75,83,413,45,145
497,Serperior,Grass,,Overgrow,Contrary,,75,75,95,75,95,113,528,45,238
498,Tepig,Fire,,Blaze,Thick Fat,,65,63,45,45,45,45,308,45,62
499,Pignite,Fire,Fighting,Blaze,Thick Fat,,90,93,55,70,55,55,418,45,146
500,Emboar,Fire,Fighting,Blaze,Reckless,,110,123,65,100,65,65,528,45,238
501,Oshawott,Water,,Torrent,Shell Armor,,55,55,45,63,45,45,308,45,62
502,Dewott,Water,,Torrent,Shell Armor,,75,75,60,83,60,60,413,45,145
503,Samurott,Water,,Torrent,Shell Armor,,95,100,85,108,70,70,528,45,264
504,Patrat,Normal,,Run Away,Keen Eye,Analytic,45,55,39,35,39,42,255,255,51
505,Watchog,Normal,,Illuminate,Keen Eye,Analytic,60,85,69,60,69,77,420,255,147
506,Lillipup,Normal,,Vital Spirit,Pickup,Run Away,45,60,45,25,45,55,275,255,55
507,Herdier,Normal,,Intimidate,Sand Rush,Scrappy,65,80,65,35,65,60,370,120,130
508,Stoutland,Normal,,Intimidate,Sand Rush,Scrappy,85,110,90,45,90,80,500,45,225
509,Purrloin,Dark,,Limber,Unburden,Prankster,41,50,37,50,37,66,281,255,56
510,Liepard,Dark,,Limber,Unburden,Prankster,64,88,50,88,50,106,446,90,156
511,Pansage,Grass,,Gluttony,Overgrow,,50,53,48,53,48,64,316,190,63
512,Simisage,Grass,,Gluttony,Overgrow,,75,98,63,98,63,101,498,75,174
513,Pansear,Fire,,Gluttony,Blaze,,50,53,48,53,48,64,316,190,63
514,Simisear,Fire,,Gluttony,Blaze,,75,98,63,98,63,101,498,75,174
515,Panpour,Water,,Gluttony,Torrent,,50,53,48,53,48,64,316,190,63
516,Simipour,Water,,Gluttony,Torrent,,75,98,63,98,63,101,498,75,174
517,Munna,Psychic,,Forewarn,Synchronize,Telepathy,76,25,45,67,55,24,292,190,58
518,Musharna,Psychic,,Forewarn,Synchronize,Telepathy,116,55,85,107,95,29,487,75,170
519,Pidove,Normal,Flying,Big Pecks,Super Luck,Rivalry,50,55,50,36,30,43,264,255,53
520,Tranquill,Normal,Flying,Big Pecks,Super Luck,Rivalry,62,77,62,50,42,65,358,120,125
521,Unfezant,Normal,Flying,Big Pecks,Super Luck,Rivalry,80,115,80,65,55,93,488,45,220
522,Blitzle,Electric,,Lightning Rod,Motor Drive,Sap Sipper,45,60,32,50,32,76,295,190,59
523,Zebstrika,Electric,,Lightning Rod,Motor Drive,Sap Sipper,75,100,63,80,63,116,497,75,174
524,Roggenrola,Rock,,Sturdy,Weak Armor,Sand Force,55,75,85,25,25,15,280,255,56
525,Boldore,Rock,,Sturdy,Weak Armor,Sand Force,70,105,105,50,40,20,390,120,137
526,Gigalith,Rock,,Sturdy,Sand Stream,Sand Force,85,135,130,60,80,25,515,45,232
527,Woobat,Psychic,Flying,Unaware,Klutz,Simple,65,45,43,55,43,72,323,190,65
528,Swoobat,Psychic,Flying,Unaware,Klutz,Simple,67,57,55,77,55,114,425,45,149
529,Drilbur,Ground,,Sand Rush,Sand Force,Mold Breaker,60,85,40,30,45,68,328,120,66
530,Excadrill,Ground,Steel,Sand Rush,Sand Force,Mold Breaker,110,135,60,50,65,88,508,60,178
531,Audino,Normal,,Healer,Regenerator,Klutz,103,60,86,60,86,50,445,255,390
532,Timburr,Fighting,,Guts,Sheer Force,Iron Fist,75,80,55,25,35,35,305,180,61
533,Gurdurr,Fighting,,Guts,Sheer Force,Iron Fist,85,105,85,40,50,40,405,90,142
534,Conkeldurr,Fighting,,Guts,Sheer Force,Iron Fist,105,140,95,55,65,45,505,45,227
535,Tympole,Water,,Swift Swim,Hydration,Water Absorb,50,50,40,50,40,64,294,255,59
536,Palpitoad,Water,Ground,Swift Swim,Hydration,Water Absorb,75,65,55,65,55,69,384,120,134
537,Seismitoad,Water,Ground,Swift Swim,Poison Touch,Water Absorb,105,95,75,85,75,74,509,45,229
538,Throh,Fighting,,Guts,Inner Focus,Mold Breaker,120,100,85,30,85,45,465,45,163
539,Sawk,Fighting,,Sturdy,Inner Focus,Mold Breaker,75,125,75,30,75,85,465,45,163
540,Sewaddle,Bug,Grass,Swarm,Chlorophyll,Overcoat,45,53,70,40,60,42,310,255,62
541,Swadloon,Bug,Grass,Leaf Guard,Chlorophyll,Overcoat,55,63,90,50,80,42,380,120,133
542,Leavanny,Bug,Grass,Swarm,Chlorophyll,Overcoat,75,103,80,70,80,92,500,45,225
543,Venipede,Bug,Poison,Poison Point,Swarm,Speed Boost,30,45,59,30,39,57,260,255,52
544,Whirlipede,Bug,Poison,Poison Point,Swarm,Speed Boost,40,55,99,40,79,47,360,120,126
545,Scolipede,Bug,Poison,Poison Point,Swarm,Speed Boost,60,100,89,55,69,112,485,45,218
546,Cottonee,Grass,Fairy,Prankster,Infiltrator,Chlorophyll,40,27,60,37,50,66,280,190,56
547,Whimsicott,Grass,Fairy,Prankster,Infiltrator,Chlorophyll,60,67,85,77,75,116,480,75,168
548,Petilil,Grass,,Chlorophyll,Own Tempo,Leaf Guard,45,35,50,70,50,30,280,190,56
549,Lilligant,Grass,,Chlorophyll,Own Tempo,Leaf Guard,70,60,75,110,75,90,480,75,168
550,Basculin,Water,,Reckless,Adaptability,Mold Breaker,70,92,65,80,55,98,460,25,161
551,Sandile,Ground,Dark,Intimidate,Moxie,Anger Point,50,72,35,35,35,65,292,180,58
552,Krokorok,Ground,Dark,Intimidate,Moxie,Anger Point,60,82,45,45,45,74,351,90,123
553,Krookodile,Ground,Dark,Intimidate,Moxie,Anger Point,95,117,80,65,70,92,519,45,260
554,Darumaka,Fire,,Hustle,Inner Focus,,70,90,45,15,45,50,315,120,63
555,Darmanitan,Fire,,Sheer Force,Zen Mode,,105,140,55,30,55,95,480,60,168
556,Maractus,Grass,,Water Absorb,Chlorophyll,Storm Drain,75,86,67,106,67,60,461,255,161
557,Dwebble,Bug,Rock,Sturdy,Shell Armor,Weak Armor,50,65,85,35,35,55,325,190,65
558,Crustle,Bug,Rock,Sturdy,Shell Armor,Weak Armor,70,105,125,65,75,45,485,75,170
559,Scraggy,Dark,Fighting,Shed Skin,Moxie,Intimidate,50,75,70,35,70,48,348,180,70
560,Scrafty,Dark,Fighting,Shed Skin,Moxie,Intimidate,65,90,115,45,115,58,488,90,171
561,Sigilyph,Psychic,Flying,Wonder Skin,Magic Guard,Tinted Lens,72,58,80,103,80,97,490,45,172
562,Yamask,Ghost,,Mummy,,,38,30,85,55,65,30,303,190,61
563,Cofagrigus,Ghost,,Mummy,,,58,50,145,95,105,30,483,90,169
564,Tirtouga,Water,Rock,Solid Rock,Sturdy,Swift Swim,54,78,103,53,45,22,355,45,71
565,Carracosta,Water,Rock,Solid Rock,Sturdy,Swift Swim,74,108,133,83,65,32,495,45,173
566,Archen,Rock,Flying,Defeatist,,,55,112,45,74,45,70,401,45,71
567,Archeops,Rock,Flying,Defeatist,,,75,140,65,112,65,110,567,45,177
568,Trubbish,Poison,,Stench,Sticky Hold,Aftermath,50,50,62,40,62,65,329,190,66
569,Garbodor,Poison,,Stench,Weak Armor,Aftermath,80,95,82,60,82,75,474,60,166
570,Zorua,Dark,,Illusion,,,40,65,40,80,40,65,330,75,66
571,Zoroark,Dark,,Illusion,,,60,105,60,120,60,105,510,45,179
572,Minccino,Normal,,Cute Charm,Technician,Skill Link,55,50,40,40,40,75,300,255,60
573,Cinccino,Normal,,Cute Charm,Technician,Skill Link,75,95,60,65,60,115,470,60,165
574,Gothita,Psychic,,Frisk,Competitive,Shadow Tag,45,30,50,55,65,45,290,200,58
575,Gothorita,Psychic,,Frisk,Competitive,Shadow Tag,60,45,70,75,85,55,390,100,137
576,Gothitelle,Psychic,,Frisk,Competitive,Shadow Tag,70,55,95,95,110,65,490,50,245
577,Solosis,Psychic,,Overcoat,Magic Guard,Regenerator,45,30,40,105,50,20,290,200,58
578,Duosion,Psychic,,Overcoat,Magic Guard,Regenerator,65,40,50,125,60,30,370,100,130
579,Reuniclus,Psychic,,Overcoat,Magic Guard,Regenerator,110,65,75,125,85,30,490,50,221
580,Ducklett,Water,Flying,Keen Eye,Big Pecks,Hydration,62,44,50,44,50,55,305,190,61
581,Swanna,Water,Flying,Keen Eye,Big Pecks,Hydration,75,87,63,87,63,98,473,45,166
582,Vanillite,Ice,,Ice Body,Snow Cloak,Weak Armor,36,50,50,65,60,44,305,255,61
583,Vanillish,Ice,,Ice Body,Snow Cloak,Weak Armor,51,65,65,80,75,59,395,120,138
584,Vanilluxe,Ice,,Ice Body,Snow Warning,Weak Armor,71,95,85,110,95,79,535,45,241
585,Deerling,Normal,Grass,Chlorophyll,Sap Sipper,Serene Grace,60,60,50,40,50,75,335,190,67
586,Sawsbuck,Normal,Grass,Chlorophyll,Sap Sipper,Serene Grace,80,100,70,60,70,95,475,75,166
587,Emolga,Electric,Flying,Static,Motor Drive,,55,75,60,75,60,103,428,200,150
588,Karrablast,Bug,,Swarm,Shed Skin,No Guard,50,75,45,40,45,60,315,200,63
589,Escavalier,Bug,Steel,Swarm,Shell Armor,Overcoat,70,135,105,60,105,20,495,75,173
590,Foongus,Grass,Poison,Effect Spore,Regenerator,,69,55,45,55,55,15,294,190,59
591,Amoonguss,Grass,Poison,Effect Spore,Regenerator,,114,85,70,85,80,30,464,75,162
592,Frillish,Water,Ghost,Water Absorb,Cursed Body,Damp,55,40,50,65,85,40,335,190,67
593,Jellicent,Water,Ghost,Water Absorb,Cursed Body,Damp,100,60,70,85,105,60,480,60,168
594,Alomomola,Water,,Healer,Hydration,Regenerator,165,75,80,40,45,65,470,75,165
595,Joltik,Bug,Electric,Compound Eyes,Unnerve,Swarm,50,47,50,57,50,65,319,190,64
596,Galvantula,Bug,Electric,Compound Eyes,Unnerve,Swarm,70,77,60,97,60,108,472,75,165
597,Ferroseed,Grass,Steel,Iron Barbs,,,44,50,91,24,86,10,305,255,61
598,Ferrothorn,Grass,Steel,Iron Barbs,Anticipation,,74,94,131,54,116,20,489,90,171
599,Klink,Steel,,Plus,Minus,Clear Body,40,55,70,45,60,30,300,130,60
600,Klang,Steel,,Plus,Minus,Clear Body,60,80,95,70,85,50,440,60,154
601,Klinklang,Steel,,Plus,Minus,Clear Body,60,100,115,70,85,90,520,30,234
602,Tynamo,Electric,,Levitate,,,35,55,40,45,40,60,275,190,55
603,Eelektrik,Electric,,Levitate,,,65,85,70,75,70,40,405,60,142
604,Eelektross,Electric,,Levitate,,,85,115,80,105,80,50,515,30,258
605,Elgyem,Psychic,,Telepathy,Synchronize,Analytic,55,55,55,85,55,30,335,255,67
606,Beheeyem,Psychic,,Telepathy,Synchronize,Analytic,75,75,75,125,95,40,485,90,170
607,Litwick,Ghost,Fire,Flash Fire,Flame Body,Infiltrator,50,30,55,65,55,20,275,190,55
608,Lampent,Ghost,Fire,Flash Fire,Flame Body,Infiltrator,60,40,60,95,60,55,370,90,130
609,Chandelure,Ghost,Fire,Flash Fire,Flame Body,Infiltrator,60,55,90,145,90,80,520,45,234
610,Axew,Dragon,,Rivalry,Mold Breaker,Unnerve,46,87,60,30,40,57,320,75,64
611,Fraxure,Dragon,,Rivalry,Mold Breaker,Unnerve,66,117,70,40,50,67,410,60,144
612,Haxorus,Dragon,,Rivalry,Mold Breaker,Unnerve,76,147,90,60,70,97,540,45,270
613,Cubchoo,Ice,,Snow Cloak,Slush Rush,Rattled,55,70,40,60,40,40,305,120,61
614,Beartic,Ice,,Snow Cloak,Slush Rush,Swift Swim,95,130,80,70,80,50,505,60,177
615,Cryogonal,Ice,,Levitate,,,80,50,50,95,135,105,515,25,180
616,Shelmet,Bug,,Hydration,Shell Armor,Overcoat,50,40,85,40,65,25,305,200,61
617,Accelgor,Bug,,Hydration,Sticky Hold,Unburden,80,70,40,100,60,145,495,75,173
618,Stunfisk,Ground,Electric,Static,Limber,Sand Veil,109,66,84,81,99,32,471,75,165
619,Mienfoo,Fighting,,Inner Focus,Regenerator,Reckless,45,85,50,55,50,65,350,180,70
620,Mienshao,Fighting,,Inner Focus,Regenerator,Reckless,65,125,60,95,60,105,510,45,179
621,Druddigon,Dragon,,Rough Skin,Sheer Force,Mold Breaker,77,120,90,60,90,48,485,45,170
622,Golett,Ground,Ghost,Iron Fist,Klutz,No Guard,59,74,50,35,50,35,303,190,61
623,Golurk,Ground,Ghost,Iron Fist,Klutz,No Guard,89,124,80,55,80,55,483,90,169
624,Pawniard,Dark,Steel,Defiant,Inner Focus,Pressure,45,85,70,40,40,60,340,120,68
625,Bisharp,Dark,Steel,Defiant,Inner Focus,Pressure,65,125,100,60,70,70,490,45,172
626,Bouffalant,Normal,,Reckless,Sap Sipper,Soundproof,95,110,95,40,95,55,490,45,172
627,Rufflet,Normal,Flying,Keen Eye,Sheer Force,Hustle,70,83,50,37,50,60,350,190,70
628,Braviary,Normal,Flying,Keen Eye,Sheer Force,Defiant,100,123,75,57,75,80,510,60,179
629,Vullaby,Dark,Flying,Big Pecks,Overcoat,Weak Armor,70,55,75,45,65,60,370,190,74
630,Mandibuzz,Dark,Flying,Big Pecks,Overcoat,Weak Armor,110,65,105,55,95,80,510,60,179
631,Heatmor,Fire,,Gluttony,Flash Fire,White Smoke,85,97,66,105,66,65,484,90,169
632,Durant,Bug,Steel,Swarm,Hustle,Truant,58,109,112,48,48,109,484,90,169
633,Deino,Dark,Dragon,Hustle,,,52,65,50,45,50,38,300,45,60
634,Zweilous,Dark,Dragon,Hustle,,,72,85,70,65,70,58,420,45,147
635,Hydreigon,Dark,Dragon,Levitate,,,92,105,90,125,90,98,600,45,300
636,Larvesta,Bug,Fire,Flame Body,Swarm,,55,85,55,50,55,60,360,45,72
637,Volcarona,Bug,Fire,Flame Body,Swarm,,85,60,65,135,105,100,550,15,275
638,Cobalion,Steel,Fighting,Justified,,,91,90,129,90,72,108,580,3,261
639,Terrakion,Rock,Fighting,Justified,,,91,129,90,72,90,108,580,3,261
640,Virizion,Grass,Fighting,Justified,,,91,90,72,90,129,108,580,3,261
641,Tornadus,Flying,,Prankster,Defiant,,79,115,70,125,80,111,580,3,290
642,Thundurus,Electric,Flying,Prankster,Defiant,,79,115,70,125,80,111,580,3,290
643,Reshiram,Dragon,Fire,Turboblaze,,,100,120,100,150,120,90,680,3,306
644,Zekrom,Dragon,Electric,Teravolt,,,100,150,120,120,100,90,680,3,306
645,Landorus,Ground,Flying,Sand Force,Sheer Force,,89,125,90,115,80,101,600,3,300
646,Kyurem,Dragon,Ice,Pressure,,,125,130,90,130,90,95,660,3,297
647,Keldeo,Water,Fighting,Justified,,,91,72,90,129,90,108,580,3,261
648,Meloetta,Normal,Psychic,Serene Grace,,,100,77,77,128,128,90,600,3,300
649,Genesect,Bug,Steel,Download,,,71,120,95,120,95,99,600,3,270
650,Chespin,Grass,,Overgrow,Bulletproof,,56,61,65,48,45,38,313,45,63
651,Quilladin,Grass,,Overgrow,Bulletproof,,61,78,95,56,58,57,405,45,142
652,Chesnaught,Grass,Fighting,Overgrow,Bulletproof,,88,107,122,74,75,64,530,45,265
653,Fennekin,Fire,,Blaze,Magician,,40,45,40,62,60,60,307,45,61
654,Braixen,Fire,,Blaze,Magician,,59,59,58,90,70,73,409,45,143
655,Delphox,Fire,Psychic,Blaze,Magician,,75,69,72,114,100,104,534,45,267
656,Froakie,Water,,Torrent,Protean,,41,56,40,62,44,71,314,45,63
657,Frogadier,Water,,Torrent,Protean,,54,63,52,83,56,97,405,45,142
658,Greninja,Water,Dark,Torrent,Protean,,72,95,67,103,71,122,530,45,265
659,Bunnelby,Normal,,Pickup,Cheek Pouch,Huge Power,38,36,38,32,36,57,237,255,47
660,Diggersby,Normal,Ground,Pickup,Cheek Pouch,Huge Power,85,56,77,50,77,78,423,127,148
661,Fletchling,Normal,Flying,Big Pecks,Gale Wings,,45,50,43,40,38,62,278,255,56
662,Fletchinder,Fire,Flying,Flame Body,Gale Wings,,62,73,55,56,52,84,382,120,134
663,Talonflame,Fire,Flying,Flame Body,Gale Wings,,78,81,71,74,69,126,499,45,175
664,Scatterbug,Bug,,Shield Dust,Compound Eyes,Friend Guard,38,35,40,27,25,35,200,255,40
665,Spewpa,Bug,,Shed Skin,Friend Guard,,45,22,60,27,30,29,213,120,75
666,Vivillon,Bug,Flying,Shield Dust,Compound Eyes,Friend Guard,80,52,50,90,50,89,411,45,206
667,Litleo,Fire,Normal,Rivalry,Unnerve,Moxie,62,50,58,73,54,72,369,220,74
668,Pyroar,Fire,Normal,Rivalry,Unnerve,Moxie,86,68,72,109,66,106,507,65,177
669,Flabb,Fairy,,Flower Veil,Symbiosis,,44,38,39,61,79,42,303,225,61
670,Floette,Fairy,,Flower Veil,Symbiosis,,54,45,47,75,98,52,371,120,130
671,Florges,Fairy,,Flower Veil,Symbiosis,,78,65,68,112,154,75,552,45,276
672,Skiddo,Grass,,Sap Sipper,Grass Pelt,,66,65,48,62,57,52,350,200,70
673,Gogoat,Grass,,Sap Sipper,Grass Pelt,,123,100,62,97,81,68,531,45,186
674,Pancham,Fighting,,Iron Fist,Mold Breaker,Scrappy,67,82,62,46,48,43,348,220,70
675,Pangoro,Fighting,Dark,Iron Fist,Mold Breaker,Scrappy,95,124,78,69,71,58,495,65,173
676,Furfrou,Normal,,Fur Coat,,,75,80,60,65,90,102,472,160,165
677,Espurr,Psychic,,Keen Eye,Infiltrator,Own Tempo,62,48,54,63,60,68,355,190,71
678,Meowstic,Psychic,,Keen Eye,Infiltrator,Prankster,74,48,76,83,81,104,466,75,163
679,Honedge,Steel,Ghost,No Guard,,,45,80,100,35,37,28,325,180,65
680,Doublade,Steel,Ghost,No Guard,,,59,110,150,45,49,35,448,90,157
681,Aegislash,Steel,Ghost,Stance Change,,,60,50,140,50,140,60,500,45,234
682,Spritzee,Fairy,,Healer,Aroma Veil,,78,52,60,63,65,23,341,200,68
683,Aromatisse,Fairy,,Healer,Aroma Veil,,101,72,72,99,89,29,462,140,162
684,Swirlix,Fairy,,Sweet Veil,Unburden,,62,48,66,59,57,49,341,200,68
685,Slurpuff,Fairy,,Sweet Veil,Unburden,,82,80,86,85,75,72,480,140,168
686,Inkay,Dark,Psychic,Contrary,Suction Cups,Infiltrator,53,54,53,37,46,45,288,190,58
687,Malamar,Dark,Psychic,Contrary,Suction Cups,Infiltrator,86,92,88,68,75,73,482,80,169
688,Binacle,Rock,Water,Sniper,Tough Claws,Pickpocket,42,52,67,39,56,50,306,120,61
689,Barbaracle,Rock,Water,Sniper,Tough Claws,Pickpocket,72,105,115,54,86,68,500,45,175
690,Skrelp,Poison,Water,Poison Point,Poison Touch,Adaptability,50,60,60,60,60,30,320,225,64
691,Dragalge,Poison,Dragon,Poison Point,Poison Touch,Adaptability,65,75,90,97,123,44,494,55,173
692,Clauncher,Water,,Mega Launcher,,,50,53,62,58,63,44,330,225,66
693,Clawitzer,Water,,Mega Launcher,,,71,73,88,120,89,59,500,55,100
694,Helioptile,Electric,Normal,Dry Skin,Sand Veil,Solar Power,44,38,33,61,43,70,289,190,58
695,Heliolisk,Electric,Normal,Dry Skin,Sand Veil,Solar Power,62,55,52,109,94,109,481,75,168
696,Tyrunt,Rock,Dragon,Strong Jaw,Sturdy,,58,89,77,45,45,48,362,45,72
697,Tyrantrum,Rock,Dragon,Strong Jaw,Rock Head,,82,121,119,69,59,71,521,45,182
698,Amaura,Rock,Ice,Refrigerate,Snow Warning,,77,59,50,67,63,46,362,45,72
699,Aurorus,Rock,Ice,Refrigerate,Snow Warning,,123,77,72,99,92,58,521,45,104
700,Sylveon,Fairy,,Cute Charm,Pixilate,,95,65,65,110,130,60,525,45,184
701,Hawlucha,Fighting,Flying,Limber,Unburden,Mold Breaker,78,92,75,74,63,118,500,100,175
702,Dedenne,Electric,Fairy,Cheek Pouch,Pickup,Plus,67,58,57,81,67,101,431,180,151
703,Carbink,Rock,Fairy,Clear Body,Sturdy,,50,50,150,50,150,50,500,60,100
704,Goomy,Dragon,,Sap Sipper,Hydration,Gooey,45,50,35,55,75,40,300,45,60
705,Sliggoo,Dragon,,Sap Sipper,Hydration,Gooey,68,75,53,83,113,60,452,45,158
706,Goodra,Dragon,,Sap Sipper,Hydration,Gooey,90,100,70,110,150,80,600,45,300
707,Klefki,Steel,Fairy,Prankster,Magician,,57,80,91,80,87,75,470,75,165
708,Phantump,Ghost,Grass,Natural Cure,Frisk,Harvest,43,70,48,50,60,38,309,120,62
709,Trevenant,Ghost,Grass,Natural Cure,Frisk,Harvest,85,110,76,65,82,56,474,60,166
710,Pumpkaboo,Ghost,Grass,Pickup,Frisk,Insomnia,49,66,70,44,55,51,335,120,67
711,Gourgeist,Ghost,Grass,Pickup,Frisk,Insomnia,65,90,122,58,75,84,494,60,173
712,Bergmite,Ice,,Own Tempo,Ice Body,Sturdy,55,69,85,32,35,28,304,190,61
713,Avalugg,Ice,,Own Tempo,Ice Body,Sturdy,95,117,184,44,46,28,514,55,180
714,Noibat,Flying,Dragon,Frisk,Infiltrator,Telepathy,40,30,35,45,40,55,245,190,49
715,Noivern,Flying,Dragon,Frisk,Infiltrator,Telepathy,85,70,80,97,80,123,535,45,187
716,Xerneas,Fairy,,Fairy Aura,,,126,131,95,131,98,99,680,45,306
717,Yveltal,Dark,Flying,Dark Aura,,,126,131,95,131,98,99,680,45,306
718,Zygarde,Dragon,Ground,Aura Break,Power Construct,,108,100,121,81,95,95,600,3,270
719,Diancie,Rock,Fairy,Clear Body,,,50,100,150,100,150,50,600,3,300
720,Hoopa,Psychic,Ghost,Magician,,,80,110,60,150,130,70,600,3,300
721,Volcanion,Fire,Water,Water Absorb,,,80,110,120,130,90,70,600,3,300
722,Rowlet,Grass,Flying,Overgrow,Long Reach,,68,55,55,50,50,42,320,45,64
723,Dartrix,Grass,Flying,Overgrow,Long Reach,,78,75,75,70,70,52,420,45,147
724,Decidueye,Grass,Ghost,Overgrow,Long Reach,,78,107,75,100,100,70,530,45,265
725,Litten,Fire,,Blaze,Intimidate,,45,65,40,60,40,70,320,45,64
726,Torracat,Fire,,Blaze,Intimidate,,65,85,50,80,50,90,420,45,147
727,Incineroar,Fire,Dark,Blaze,Intimidate,,95,115,90,80,90,60,530,45,239
728,Popplio,Water,,Torrent,Liquid Voice,,50,54,54,66,56,40,320,45,64
729,Brionne,Water,,Torrent,Liquid Voice,,60,69,69,91,81,50,420,45,147
730,Primarina,Water,Fairy,Torrent,Liquid Voice,,80,74,74,126,116,60,530,45,239
731,Pikipek,Normal,Flying,Keen Eye,Skill Link,Pickup,35,75,30,30,30,65,265,255,53
732,Trumbeak,Normal,Flying,Keen Eye,Skill Link,Pickup,55,85,50,40,50,75,355,120,124
733,Toucannon,Normal,Flying,Keen Eye,Skill Link,Sheer Force,80,120,75,75,75,60,485,45,218
734,Yungoos,Normal,,Strong Jaw,Stakeout,Adaptability,48,70,30,30,30,45,253,255,51
735,Gumshoos,Normal,,Strong Jaw,Stakeout,Adaptability,88,110,60,55,60,45,418,127,146
736,Grubbin,Bug,,Swarm,,,47,62,45,55,45,46,300,255,60
737,Charjabug,Bug,Electric,Battery,,,57,82,95,55,75,36,400,120,140
738,Vikavolt,Bug,Electric,Levitate,,,77,70,90,145,75,43,500,45,225
739,Crabrawler,Fighting,,Hyper Cutter,Iron Fist,Anger Point,47,82,57,42,47,63,338,225,68
740,Crabominable,Fighting,Ice,Hyper Cutter,Iron Fist,Anger Point,97,132,77,62,67,43,478,60,167
741,Oricorio,Fire,Flying,Dancer,,,75,70,70,98,70,93,476,45,167
742,Cutiefly,Bug,Fairy,Honey Gather,Shield Dust,Sweet Veil,40,45,40,55,40,84,304,190,61
743,Ribombee,Bug,Fairy,Honey Gather,Shield Dust,Sweet Veil,60,55,60,95,70,124,464,75,162
744,Rockruff,Rock,,Keen Eye,Vital Spirit,Steadfast,45,65,40,30,40,60,280,190,56
745,Lycanroc,Rock,,Keen Eye,Sand Rush,Steadfast,75,115,65,55,65,112,487,90,170
746,Wishiwashi,Water,,Schooling,,,45,20,20,25,25,40,175,60,61
747,Mareanie,Poison,Water,Merciless,Limber,Regenerator,50,53,62,43,52,45,305,190,61
748,Toxapex,Poison,Water,Merciless,Limber,Regenerator,50,63,152,53,142,35,495,75,173
749,Mudbray,Ground,,Own Tempo,Stamina,Inner Focus,70,100,70,45,55,45,385,190,77
750,Mudsdale,Ground,,Own Tempo,Stamina,Inner Focus,100,125,100,55,85,35,500,60,175
751,Dewpider,Water,Bug,Water Bubble,Water Absorb,,38,40,52,40,72,27,269,200,54
752,Araquanid,Water,Bug,Water Bubble,Water Absorb,,68,70,92,50,132,42,454,100,159
753,Fomantis,Grass,,Leaf Guard,Contrary,,40,55,35,50,35,35,250,190,50
754,Lurantis,Grass,,Leaf Guard,Contrary,,70,105,90,80,90,45,480,75,168
755,Morelull,Grass,Fairy,Illuminate,Effect Spore,Rain Dish,40,35,55,65,75,15,285,190,57
756,Shiinotic,Grass,Fairy,Illuminate,Effect Spore,Rain Dish,60,45,80,90,100,30,405,75,142
757,Salandit,Poison,Fire,Corrosion,Oblivious,,48,44,40,71,40,77,320,120,64
758,Salazzle,Poison,Fire,Corrosion,Oblivious,,68,64,60,111,60,117,480,45,168
759,Stufful,Normal,Fighting,Fluffy,Klutz,Cute Charm,70,75,50,45,50,50,340,140,68
760,Bewear,Normal,Fighting,Fluffy,Klutz,Unnerve,120,125,80,55,60,60,500,70,175
761,Bounsweet,Grass,,Leaf Guard,Oblivious,Sweet Veil,42,30,38,30,38,32,210,235,42
762,Steenee,Grass,,Leaf Guard,Oblivious,Sweet Veil,52,40,48,40,48,62,290,120,102
763,Tsareena,Grass,,Leaf Guard,Queenly Majesty,Sweet Veil,72,120,98,50,98,72,510,45,255
764,Comfey,Fairy,,Flower Veil,Triage,Natural Cure,51,52,90,82,110,100,485,60,170
765,Oranguru,Normal,Psychic,Inner Focus,Telepathy,Symbiosis,90,60,80,90,110,60,490,45,172
766,Passimian,Fighting,,Receiver,Defiant,,100,120,90,40,60,80,490,45,172
767,Wimpod,Bug,Water,Wimp Out,,,25,35,40,20,30,80,230,90,46
768,Golisopod,Bug,Water,Emergency Exit,,,75,125,140,60,90,40,530,45,186
769,Sandygast,Ghost,Ground,Water Compaction,Sand Veil,,55,55,80,70,45,15,320,140,64
770,Palossand,Ghost,Ground,Water Compaction,Sand Veil,,85,75,110,100,75,35,480,60,168
771,Pyukumuku,Water,,Innards Out,Unaware,,55,60,130,30,130,5,410,60,144
772,Type: Null,Normal,,Battle Armor,,,95,95,95,95,95,59,534,3,107
773,Silvally,Normal,,RKS System,,,95,95,95,95,95,95,570,3,257
774,Minior,Rock,Flying,Shields Down,,,60,60,100,60,100,60,440,30,154
775,Komala,Normal,,Comatose,,,65,115,65,75,95,65,480,45,168
776,Turtonator,Fire,Dragon,Shell Armor,,,60,78,135,91,85,36,485,70,170
777,Togedemaru,Electric,Steel,Iron Barbs,Lightning Rod,Sturdy,65,98,63,40,73,96,435,180,152
778,Mimikyu,Ghost,Fairy,Disguise,,,55,90,80,50,105,96,476,45,167
779,Bruxish,Water,Psychic,Dazzling,Strong Jaw,Wonder Skin,68,105,70,70,70,92,475,80,166
780,Drampa,Normal,Dragon,Berserk,Sap Sipper,Cloud Nine,78,60,85,135,91,36,485,70,170
781,Dhelmise,Ghost,Grass,Steelworker,,,70,131,100,86,90,40,517,25,181
782,Jangmo-o,Dragon,,Bulletproof,Soundproof,Overcoat,45,55,65,45,45,45,300,45,60
783,Hakamo-o,Dragon,Fighting,Bulletproof,Soundproof,Overcoat,55,75,90,65,70,65,420,45,147
784,Kommo-o,Dragon,Fighting,Bulletproof,Soundproof,Overcoat,75,110,125,100,105,85,600,45,270
785,Tapu Koko,Electric,Fairy,Electric Surge,Telepathy,,70,115,85,95,75,130,570,3,257
786,Tapu Lele,Psychic,Fairy,Psychic Surge,Telepathy,,70,85,75,130,115,95,570,3,257
787,Tapu Bulu,Grass,Fairy,Grassy Surge,Telepathy,,70,130,115,85,95,75,570,3,257
788,Tapu Fini,Water,Fairy,Misty Surge,Telepathy,,70,75,115,95,130,85,570,3,257
789,Cosmog,Psychic,,Unaware,,,43,29,31,29,31,37,200,45,40
790,Cosmoem,Psychic,,Sturdy,,,43,29,131,29,131,37,400,45,140
791,Solgaleo,Psychic,Steel,Full Metal Body,,,137,137,107,113,89,97,680,45,306
792,Lunala,Psychic,Ghost,Shadow Shield,,,137,113,89,137,107,97,680,45,306
793,Nihilego,Rock,Poison,Beast Boost,,,109,53,47,127,131,103,570,45,257
794,Buzzwole,Bug,Fighting,Beast Boost,,,107,139,139,53,53,79,570,45,257
795,Pheromosa,Bug,Fighting,Beast Boost,,,71,137,37,137,37,151,570,45,257
796,Xurkitree,Electric,,Beast Boost,,,83,89,71,173,71,83,570,45,257
797,Celesteela,Steel,Flying,Beast Boost,,,97,101,103,107,101,61,570,45,257
798,Kartana,Grass,Steel,Beast Boost,,,59,181,131,59,31,109,570,45,257
799,Guzzlord,Dark,Dragon,Beast Boost,,,223,101,53,97,53,43,570,45,257
800,Necrozma,Psychic,,Prism Armor,,,97,107,101,127,89,79,600,255,270
801,Magearna,Steel,Fairy,Soul-Heart,,,80,95,115,130,115,65,600,3,300
802,Marshadow,Fighting,Ghost,Technician,,,90,125,80,90,90,125,600,3,270
803,Poipole,Poison,,Beast Boost,,,67,73,67,73,67,73,420,45,189
804,Naganadel,Poison,Dragon,Beast Boost,,,73,73,73,127,73,121,540,45,243
805,Stakataka,Rock,Steel,Beast Boost,,,61,131,211,53,101,13,570,30,257
806,Blacephalon,Fire,Ghost,Beast Boost,,,53,127,53,151,79,107,570,30,257
807,Zeraora,Electric,,Volt Absorb,,,88,112,75,102,80,143,600,3,270
808,Meltan,Steel,,Magnet Pull,,,46,65,65,55,35,34,300,3,150
809,Melmetal,Steel,,Iron Fist,,,135,143,143,80,65,34,600,3,300
810,Grookey,Grass,,Overgrow,Grassy Surge,,50,65,50,40,40,65,310,45,62
811,Thwackey,Grass,,Overgrow,Grassy Surge,,70,85,70,55,60,80,420,45,147
812,Rillaboom,Grass,,Overgrow,Grassy Surge,,100,125,90,60,70,85,530,45,265
813,Scorbunny,Fire,,Blaze,Libero,,50,71,40,40,40,69,310,45,62
814,Raboot,Fire,,Blaze,Libero,,65,86,60,55,60,94,420,45,147
815,Cinderace,Fire,,Blaze,Libero,,80,116,75,65,75,119,530,45,265
816,Sobble,Water,,Torrent,Sniper,,50,40,40,70,40,70,310,45,62
817,Drizzile,Water,,Torrent,Sniper,,65,60,55,95,55,90,420,45,147
818,Inteleon,Water,,Torrent,Sniper,,70,85,65,125,65,120,530,45,265
819,Skwovet,Normal,,Cheek Pouch,Gluttony,,70,55,55,35,35,25,275,255,55
820,Greedent,Normal,,Cheek Pouch,Gluttony,,120,95,95,55,75,20,460,90,161
821,Rookidee,Flying,,Keen Eye,Unnerve,Big Pecks,38,47,35,33,35,57,245,255,49
822,Corvisquire,Flying,,Keen Eye,Unnerve,Big Pecks,68,67,55,43,55,77,365,120,128
823,Corviknight,Flying,Steel,Pressure,Unnerve,Mirror Armor,98,87,105,53,85,67,495,45,248
824,Blipbug,Bug,,Swarm,Compound Eyes,Telepathy,25,20,20,25,45,45,180,255,36
825,Dottler,Bug,Psychic,Swarm,Compound Eyes,Telepathy,50,35,80,50,90,30,335,120,117
826,Orbeetle,Bug,Psychic,Swarm,Frisk,Telepathy,60,45,110,80,120,90,505,45,253
827,Nickit,Dark,,Run Away,Unburden,Stakeout,40,28,28,47,52,50,245,255,49
828,Thievul,Dark,,Run Away,Unburden,Stakeout,70,58,58,87,92,90,455,127,159
829,Gossifleur,Grass,,Cotton Down,Regenerator,Effect Spore,40,40,60,40,60,10,250,190,50
830,Eldegoss,Grass,,Cotton Down,Regenerator,Effect Spore,60,50,90,80,120,60,460,75,161
831,Wooloo,Normal,,Fluffy,Run Away,Bulletproof,42,40,55,40,45,48,270,255,122
832,Dubwool,Normal,,Fluffy,Steadfast,Bulletproof,72,80,100,60,90,88,490,127,172
833,Chewtle,Water,,Strong Jaw,Shell Armor,Swift Swim,50,64,50,38,38,44,284,255,57
834,Drednaw,Water,Rock,Strong Jaw,Shell Armor,Swift Swim,90,115,90,48,68,74,485,75,170
835,Yamper,Electric,,Ball Fetch,Rattled,,59,45,50,40,50,26,270,255,54
836,Boltund,Electric,,Strong Jaw,Competitive,,69,90,60,90,60,121,490,45,172
837,Rolycoly,Rock,,Steam Engine,Heatproof,Flash Fire,30,40,50,40,50,30,240,255,48
838,Carkol,Rock,Fire,Steam Engine,Flame Body,Flash Fire,80,60,90,60,70,50,410,120,144
839,Coalossal,Rock,Fire,Steam Engine,Flame Body,Flash Fire,110,80,120,80,90,30,510,45,255
840,Applin,Grass,Dragon,Ripen,Gluttony,Bulletproof,40,40,80,40,40,20,260,255,52
841,Flapple,Grass,Dragon,Ripen,Gluttony,Hustle,70,110,80,95,60,70,485,45,170
842,Appletun,Grass,Dragon,Ripen,Gluttony,Thick Fat,110,85,80,100,80,30,485,45,170
843,Silicobra,Ground,,Sand Spit,Shed Skin,Sand Veil,52,57,75,35,50,46,315,255,63
844,Sandaconda,Ground,,Sand Spit,Shed Skin,Sand Veil,72,107,125,65,70,71,510,120,179
845,Cramorant,Flying,Water,Gulp Missile,,,70,85,55,85,95,85,475,45,166
846,Arrokuda,Water,,Swift Swim,Propeller Tail,,41,63,40,40,30,66,280,255,56
847,Barraskewda,Water,,Swift Swim,Propeller Tail,,61,123,60,60,50,136,490,60,172
848,Toxel,Electric,Poison,Rattled,Static,Klutz,40,38,35,54,35,40,242,75,48
849,Toxtricity,Electric,Poison,Punk Rock,Plus,Technician,75,98,70,114,70,75,502,45,176
850,Sizzlipede,Fire,Bug,Flash Fire,White Smoke,Flame Body,50,65,45,50,50,45,305,190,61
851,Centiskorch,Fire,Bug,Flash Fire,White Smoke,Flame Body,100,115,65,90,90,65,525,75,184
852,Clobbopus,Fighting,,Limber,Technician,,50,68,60,50,50,32,310,180,62
853,Grapploct,Fighting,,Limber,Technician,,80,118,90,70,80,42,480,45,168
854,Sinistea,Ghost,,Weak Armor,Cursed Body,,40,45,45,74,54,50,308,120,62
855,Polteageist,Ghost,,Weak Armor,Cursed Body,,60,65,65,134,114,70,508,60,178
856,Hatenna,Psychic,,Healer,Anticipation,Magic Bounce,42,30,45,56,53,39,265,235,53
857,Hattrem,Psychic,,Healer,Anticipation,Magic Bounce,57,40,65,86,73,49,370,120,130
858,Hatterene,Psychic,Fairy,Healer,Anticipation,Magic Bounce,57,90,95,136,103,29,510,45,255
859,Impidimp,Dark,Fairy,Prankster,Frisk,Pickpocket,45,45,30,55,40,50,265,255,53
860,Morgrem,Dark,Fairy,Prankster,Frisk,Pickpocket,65,60,45,75,55,70,370,120,130
861,Grimmsnarl,Dark,Fairy,Prankster,Frisk,Pickpocket,95,120,65,95,75,60,510,45,255
862,Obstagoon,Dark,Normal,Reckless,Guts,Defiant,93,90,101,60,81,95,520,45,260
863,Perrserker,Steel,,Battle Armor,Tough Claws,Steely Spirit,70,110,100,50,60,50,440,90,154
864,Cursola,Ghost,,Weak Armor,Perish Body,,60,95,50,145,130,30,510,30,179
865,Sirfetch'd,Fighting,,Steadfast,Scrappy,,62,135,95,68,82,65,507,45,177
866,Mr. Rime,Ice,Psychic,Tangled Feet,Screen Cleaner,Ice Body,80,85,75,110,100,70,520,45,182
867,Runerigus,Ground,Ghost,Wandering Spirit,,,58,95,145,50,105,30,483,90,169
868,Milcery,Fairy,,Sweet Veil,Aroma Veil,,45,40,40,50,61,34,270,200,54
869,Alcremie,Fairy,,Sweet Veil,Aroma Veil,,65,60,75,110,121,64,495,100,173
870,Falinks,Fighting,,Battle Armor,Defiant,,65,100,100,70,60,75,470,45,165
871,Pincurchin,Electric,,Lightning Rod,Electric Surge,,48,101,95,91,85,15,435,75,152
872,Snom,Ice,Bug,Shield Dust,Ice Scales,,30,25,35,45,30,20,185,190,37
873,Frosmoth,Ice,Bug,Shield Dust,Ice Scales,,70,65,60,125,90,65,475,75,166
874,Stonjourner,Rock,,Power Spot,,,100,125,135,20,20,70,470,60,165
875,Eiscue,Ice,,Ice Face,,,75,80,110,65,90,50,470,60,165
876,Indeedee,Psychic,Normal,Inner Focus,Synchronize,Psychic Surge,60,65,55,105,95,95,475,30,166
877,Morpeko,Electric,Dark,Hunger Switch,,,58,95,58,70,58,97,436,180,153
878,Cufant,Steel,,Sheer Force,Heavy Metal,,72,80,49,40,49,40,330,190,66
879,Copperajah,Steel,,Sheer Force,Heavy Metal,,122,130,69,80,69,30,500,90,175
880,Dracozolt,Electric,Dragon,Volt Absorb,Hustle,Sand Rush,90,100,90,80,70,75,505,45,177
881,Arctozolt,Electric,Ice,Volt Absorb,Static,Slush Rush,90,100,90,90,80,55,505,45,177
882,Dracovish,Water,Dragon,Water Absorb,Strong Jaw,Sand Rush,90,90,100,70,80,75,505,45,177
883,Arctovish,Water,Ice,Water Absorb,Ice Body,Slush Rush,90,90,100,80,90,55,505,45,177
884,Duraludon,Steel,Dragon,Light Metal,Heavy Metal,Stalwart,70,95,115,120,50,85,535,45,187
885,Dreepy,Dragon,Ghost,Clear Body,Infiltrator,Cursed Body,28,60,30,40,30,82,270,45,54
886,Drakloak,Dragon,Ghost,Clear Body,Infiltrator,Cursed Body,68,80,50,60,50,102,410,45,144
887,Dragapult,Dragon,Ghost,Clear Body,Infiltrator,Cursed Body,88,120,75,100,75,142,600,45,300
888,Zacian,Fairy,,Intrepid Sword,,,92,120,115,80,115,138,660,10,330
889,Zamazenta,Fighting,,Dauntless Shield,,,92,120,115,80,115,138,660,10,330
890,Eternatus,Poison,Dragon,Pressure,,,140,85,95,145,95,130,690,255,345
891,Kubfu,Fighting,,Inner Focus,,,60,90,60,53,50,72,385,3,77
892,Urshifu,Fighting,Dark,Unseen Fist,,,100,130,100,63,60,97,550,3,275
893,Zarude,Dark,Grass,Leaf Guard,,,105,120,105,70,95,105,600,3,300
894,Regieleki,Electric,,Transistor,,,80,100,50,100,50,200,580,3,290
895,Regidrago,Dragon,,Dragon's Maw,,,200,100,50,100,50,80,580,3,290
896,Glastrier,Ice,,Chilling Neigh,,,100,145,130,65,110,30,580,3,290
897,Spectrier,Ghost,,Grim Neigh,,,100,65,60,145,80,130,580,3,290
898,Calyrex,Psychic,Grass,Unnerve,,,100,80,80,80,80,80,500,3,250
899,Wyrdeer,Normal,Psychic,Intimidate,Frisk,Sap Sipper,103,105,72,105,75,65,525,45,263
900,Kleavor,Bug,Rock,Swarm,Sheer Force,Sharpness,70,135,95,45,70,85,500,15,175
901,Ursaluna,Ground,Normal,Guts,Bulletproof,Unnerve,130,140,105,45,80,50,550,20,275
902,Basculegion,Water,Ghost,Swift Swim,Adaptability,Mold Breaker,120,112,65,80,75,78,530,45,265
903,Sneasler,Fighting,Poison,Pressure,Unburden,Poison Touch,80,130,60,40,80,120,510,20,102
904,Overqwil,Dark,Poison,Poison Point,Swift Swim,Intimidate,85,115,95,65,65,85,510,45,179
905,Enamorus,Fairy,Flying,Cute Charm,Contrary,,74,115,70,135,80,106,580,3,116
906,Sprigatito,Grass,,Overgrow,Protean,,40,61,54,45,45,65,310,45,62
907,Floragato,Grass,,Overgrow,Protean,,61,80,63,60,63,83,410,45,144
908,Meowscarada,Grass,Dark,Overgrow,Protean,,76,110,70,81,70,123,530,45,265
909,Fuecoco,Fire,,Blaze,Unaware,,67,45,59,63,40,36,310,45,62
910,Crocalor,Fire,,Blaze,Unaware,,81,55,78,90,58,49,411,45,144
911,Skeledirge,Fire,Ghost,Blaze,Unaware,,104,75,100,110,75,66,530,45,265
912,Quaxly,Water,,Torrent,Moxie,,55,65,45,50,45,50,310,45,62
913,Quaxwell,Water,,Torrent,Moxie,,70,85,65,65,60,65,410,45,144
914,Quaquaval,Water,Fighting,Torrent,Moxie,,85,120,80,85,75,85,530,45,265
915,Lechonk,Normal,,Aroma Veil,Gluttony,Thick Fat,54,45,40,35,45,35,254,255,51
916,Oinkologne,Normal,,Lingering Aroma,Gluttony,Thick Fat,110,100,75,59,80,65,489,100,171
917,Tarountula,Bug,,Insomnia,Stakeout,,35,41,45,29,40,20,210,255,42
918,Spidops,Bug,,Insomnia,Stakeout,,60,79,92,52,86,35,404,120,141
919,Nymble,Bug,,Swarm,Tinted Lens,,33,46,40,21,25,45,210,190,42
920,Lokix,Bug,Dark,Swarm,Tinted Lens,,71,102,78,52,55,92,450,30,158
921,Pawmi,Electric,,Static,Natural Cure,Iron Fist,45,50,20,40,25,60,240,190,48
922,Pawmo,Electric,Fighting,Volt Absorb,Natural Cure,Iron Fist,60,75,40,50,40,85,350,80,123
923,Pawmot,Electric,Fighting,Volt Absorb,Natural Cure,Iron Fist,70,115,70,70,60,105,490,45,245
924,Tandemaus,Normal,,Run Away,Pickup,Own Tempo,50,50,45,40,45,75,305,150,61
925,Maushold,Normal,,Friend Guard,Cheek Pouch,Technician,74,75,70,65,75,111,470,75,165
926,Fidough,Fairy,,Own Tempo,Klutz,,37,55,70,30,55,65,312,190,62
927,Dachsbun,Fairy,,Well-Baked Body,Aroma Veil,,57,80,115,50,80,95,477,90,167
928,Smoliv,Grass,Normal,Early Bird,Harvest,,41,35,45,58,51,30,260,255,52
929,Dolliv,Grass,Normal,Early Bird,Harvest,,52,53,60,78,78,33,354,120,124
930,Arboliva,Grass,Normal,Seed Sower,Harvest,,78,69,90,125,109,39,510,45,255
931,Squawkabilly,Normal,Flying,Intimidate,Hustle,Guts,82,96,51,45,51,92,417,190,146
932,Nacli,Rock,,Purifying Salt,Sturdy,Clear Body,55,55,75,35,35,25,280,255,56
933,Naclstack,Rock,,Purifying Salt,Sturdy,Clear Body,60,60,100,35,65,35,355,120,124
934,Garganacl,Rock,,Purifying Salt,Sturdy,Clear Body,100,100,130,45,90,35,500,45,250
935,Charcadet,Fire,,Flash Fire,Flame Body,,40,50,40,50,40,35,255,90,51
936,Armarouge,Fire,Psychic,Flash Fire,Weak Armor,,85,60,100,125,80,75,525,25,263
937,Ceruledge,Fire,Ghost,Flash Fire,Weak Armor,,75,125,80,60,100,85,525,25,263
938,Tadbulb,Electric,,Own Tempo,Static,Damp,61,31,41,59,35,45,272,190,54
939,Bellibolt,Electric,,Electromorphosis,Static,Damp,109,64,91,103,83,45,495,50,173
940,Wattrel,Electric,Flying,Wind Power,Volt Absorb,Competitive,40,40,35,55,40,70,280,180,56
941,Kilowattrel,Electric,Flying,Wind Power,Volt Absorb,Competitive,70,70,60,105,60,125,490,90,172
942,Maschiff,Dark,,Intimidate,Run Away,Stakeout,60,78,60,40,51,51,340,150,68
943,Mabosstiff,Dark,,Intimidate,Guard Dog,Stakeout,80,120,90,60,70,85,505,75,177
944,Shroodle,Poison,Normal,Unburden,Pickpocket,Prankster,40,65,35,40,35,75,290,190,58
945,Grafaiai,Poison,Normal,Unburden,Poison Touch,Prankster,63,95,65,80,72,110,485,90,170
946,Bramblin,Grass,Ghost,Wind Rider,Infiltrator,,40,65,30,45,35,60,275,190,55
947,Brambleghast,Grass,Ghost,Wind Rider,Infiltrator,,55,115,70,80,70,90,480,45,168
948,Toedscool,Ground,Grass,Mycelium Might,,,40,40,35,50,100,70,335,190,67
949,Toedscruel,Ground,Grass,Mycelium Might,,,80,70,65,80,120,100,515,90,180
950,Klawf,Rock,,Anger Shell,Shell Armor,Regenerator,70,100,115,35,55,75,450,120,158
951,Capsakid,Grass,,Chlorophyll,Insomnia,Klutz,50,62,40,62,40,50,304,190,61
952,Scovillain,Grass,Fire,Chlorophyll,Insomnia,Moody,65,108,65,108,65,75,486,75,170
953,Rellor,Bug,,Compound Eyes,Shed Skin,,41,50,60,31,58,30,270,190,54
954,Rabsca,Bug,Psychic,Synchronize,Telepathy,,75,50,85,115,100,45,470,45,165
955,Flittle,Psychic,,Anticipation,Frisk,Speed Boost,30,35,30,55,30,75,255,120,51
956,Espathra,Psychic,,Opportunist,Frisk,Speed Boost,95,60,60,101,60,105,481,60,168
957,Tinkatink,Fairy,Steel,Mold Breaker,Own Tempo,Pickpocket,50,45,45,35,64,58,297,190,59
958,Tinkatuff,Fairy,Steel,Mold Breaker,Own Tempo,Pickpocket,65,55,55,45,82,78,380,90,133
959,Tinkaton,Fairy,Steel,Mold Breaker,Own Tempo,Pickpocket,85,75,77,70,105,94,506,45,253
960,Wiglett,Water,,Gooey,Rattled,Sand Veil,10,55,25,35,25,95,245,255,49
961,Wugtrio,Water,,Gooey,Rattled,Sand Veil,35,100,50,50,70,120,425,50,149
962,Bombirdier,Flying,Dark,Big Pecks,Keen Eye,Rocky Payload,70,103,85,60,85,82,485,25,243
963,Finizen,Water,,Water Veil,,,70,45,40,45,40,75,315,200,63
964,Palafin,Water,,Zero to Hero,,,100,70,72,53,62,100,457,45,160
965,Varoom,Steel,Poison,Overcoat,Slow Start,,45,70,63,30,45,47,300,190,60
966,Revavroom,Steel,Poison,Overcoat,Filter,,80,119,90,54,67,90,500,75,175
967,Cyclizar,Dragon,Normal,Shed Skin,Regenerator,,70,95,65,85,65,121,501,190,175
968,Orthworm,Steel,,Earth Eater,Sand Veil,,70,85,145,60,55,65,480,25,240
969,Glimmet,Rock,Poison,Toxic Debris,Corrosion,,48,35,42,105,60,60,350,70,70
970,Glimmora,Rock,Poison,Toxic Debris,Corrosion,,83,55,90,130,81,86,525,25,184
971,Greavard,Ghost,,Pickup,Fluffy,,50,61,60,30,55,34,290,120,58
972,Houndstone,Ghost,,Sand Rush,Fluffy,,72,101,100,50,97,68,488,60,171
973,Flamigo,Flying,Fighting,Scrappy,Tangled Feet,Costar,82,115,74,75,64,90,500,100,175
974,Cetoddle,Ice,,Thick Fat,Snow Cloak,Sheer Force,108,68,45,30,40,43,334,150,67
975,Cetitan,Ice,,Thick Fat,Slush Rush,Sheer Force,170,113,65,45,55,73,521,50,182
976,Veluza,Water,Psychic,Mold Breaker,Sharpness,,90,102,73,78,65,70,478,100,167
977,Dondozo,Water,,Unaware,Oblivious,Water Veil,150,100,115,65,65,35,530,25,265
978,Tatsugiri,Dragon,Water,Commander,Storm Drain,,68,50,60,120,95,82,475,100,166
979,Annihilape,Fighting,Ghost,Vital Spirit,Inner Focus,Defiant,110,115,80,50,90,90,535,45,268
980,Clodsire,Poison,Ground,Poison Point,Water Absorb,Unaware,130,75,60,45,100,20,430,90,151
981,Farigiraf,Normal,Psychic,Cud Chew,Armor Tail,Sap Sipper,120,90,70,110,70,60,520,45,260
982,Dudunsparce,Normal,,Serene Grace,Run Away,Rattled,125,100,80,85,75,55,520,45,182
983,Kingambit,Dark,Steel,Defiant,Supreme Overlord,Pressure,100,135,120,60,85,50,550,25,275
984,Great Tusk,Ground,Fighting,Protosynthesis,,,115,131,131,53,53,87,570,30,285
985,Scream Tail,Fairy,Psychic,Protosynthesis,,,115,65,99,65,115,111,570,50,285
986,Brute Bonnet,Grass,Dark,Protosynthesis,,,111,127,99,79,99,55,570,50,285
987,Flutter Mane,Ghost,Fairy,Protosynthesis,,,55,55,55,135,135,135,570,30,285
988,Slither Wing,Bug,Fighting,Protosynthesis,,,85,135,79,85,105,81,570,30,285
989,Sandy Shocks,Electric,Ground,Protosynthesis,,,85,81,97,121,85,101,570,30,285
990,Iron Treads,Ground,Steel,Quark Drive,,,90,112,120,72,70,106,570,30,285
991,Iron Bundle,Ice,Water,Quark Drive,,,56,80,114,124,60,136,570,50,285
992,Iron Hands,Fighting,Electric,Quark Drive,,,154,140,108,50,68,50,570,50,285
993,Iron Jugulis,Dark,Flying,Quark Drive,,,94,80,86,122,80,108,570,30,285
994,Iron Moth,Fire,Poison,Quark Drive,,,80,70,60,140,110,110,570,30,285
995,Iron Thorns,Rock,Electric,Quark Drive,,,100,134,110,70,84,72,570,30,285
996,Frigibax,Dragon,Ice,Thermal Exchange,Ice Body,,65,75,45,35,45,55,320,45,64
997,Arctibax,Dragon,Ice,Thermal Exchange,Ice Body,,90,95,66,45,65,62,423,25,148
998,Baxcalibur,Dragon,Ice,Thermal Exchange,Ice Body,,115,145,92,75,86,87,600,10,300
999,Gimmighoul,Ghost,,Rattled,,,45,30,70,75,70,10,300,45,60
1000,Gholdengo,Steel,Ghost,Good as Gold,,,87,60,95,133,91,84,550,45,275
1001,Wo-Chien,Dark,Grass,Tablets of Ruin,,,85,85,100,95,135,70,570,6,285
1002,Chien-Pao,Dark,Ice,Sword of Ruin,,,80,120,80,90,65,135,570,6,285
1003,Ting-Lu,Dark,Ground,Vessel of Ruin,,,155,110,125,55,80,45,570,6,285
1004,Chi-Yu,Dark,Fire,Beads of Ruin,,,55,80,80,135,120,100,570,6,285
1005,Roaring Moon,Dragon,Dark,Protosynthesis,,,105,139,71,55,101,119,590,10,295
1006,Iron Valiant,Fairy,Fighting,Quark Drive,,,74,130,90,120,60,116,590,10,295
1007,Koraidon,Fighting,Dragon,Orichalcum Pulse,,,100,135,115,85,100,135,670,3,335
1008,Miraidon,Electric,Dragon,Hadron Engine,,,100,85,100,135,115,135,670,3,335
1009,Walking Wake,Water,Dragon,Protosynthesis,,,99,83,91,125,83,109,590,5,
1010,Iron Leaves,Grass,Psychic,Quark Drive,,,90,130,88,70,108,104,590,5,
1011,Dipplin,Grass,Dragon,Supersweet Syrup,Gluttony,Sticky Hold,80,80,110,95,80,40,485,45,
1012,Poltchageist,Grass,Ghost,Hospitality,Heatproof,,40,45,45,74,54,50,308,120,
1013,Sinistcha,Grass,Ghost,Hospitality,Heatproof,,71,60,106,121,80,70,508,60,
1014,Okidogi,Poison,Fighting,Toxic Chain,Guard Dog,,88,128,115,58,86,80,555,3,
1015,Munkidori,Poison,Psychic,Toxic Chain,Frisk,,88,75,66,130,90,106,555,3,
1016,Fezandipiti,Poison,Fairy,Toxic Chain,Technician,,88,91,82,70,125,99,555,3,
1017,Ogerpon,Grass,,Defiant,Embody Aspect,,80,120,84,60,96,110,550,5,
1018,Archaludon,Steel,Dragon,Stamina,Sturdy,Stalwart,90,105,130,125,65,85,600,10,
1019,Hydrapple,Grass,Dragon,Supersweet Syrup,Regenerator,Sticky Hold,106,80,110,120,80,44,540,10,
1020,Gouging Fire,Fire,Dragon,Protosynthesis,,,105,115,121,65,93,91,590,10,
1021,Raging Bolt,Electric,Dragon,Protosynthesis,,,125,73,91,137,89,75,590,10,
1022,Iron Boulder,Rock,Psychic,Quark Drive,,,90,120,80,68,108,124,590,10,
1023,Iron Crown,Steel,Psychic,Quark Drive,,,90,72,100,122,108,98,590,10,
1024,Terapagos,Normal,,Tera Shift,,,90,65,85,65,85,60,450,255,
1025,Pecharunt,Poison,Ghost,Poison Puppeteer,,,88,88,160,88,88,88,600,3,
